distance_m,speed_kmh,ax_g,battery_power_kw,soc_pct,motor_temp_c,limiting_factor
0.0000,120.0000,0.0000,30.0651,100.0000,25.0000,cruise
0.5002,120.0000,0.0000,30.0651,99.9986,25.0041,cruise
1.0004,120.0000,0.0000,30.0651,99.9971,25.0082,cruise
1.5006,120.0000,0.0000,30.0651,99.9957,25.0122,cruise
2.0007,120.0000,0.0000,30.0651,99.9943,25.0163,cruise
2.5009,120.0000,0.0000,30.0651,99.9928,25.0204,cruise
3.0011,120.0000,0.0000,30.0651,99.9914,25.0245,cruise
3.5013,120.0000,0.0000,30.0651,99.9900,25.0286,cruise
4.0015,120.0000,0.0000,30.0651,99.9885,25.0326,cruise
4.5017,120.0000,0.0000,30.0651,99.9871,25.0367,cruise
5.0018,120.0000,0.0000,30.0651,99.9857,25.0408,cruise
5.5020,120.0000,0.0000,30.0651,99.9842,25.0449,cruise
6.0022,120.0000,0.0000,30.0651,99.9828,25.0489,cruise
6.5024,120.0000,0.0000,30.0651,99.9814,25.0530,cruise
7.0026,120.0000,0.0000,30.0651,99.9799,25.0571,cruise
7.5028,120.0000,0.0000,30.0651,99.9785,25.0612,cruise
8.0029,120.0000,0.0000,30.0651,99.9771,25.0652,cruise
8.5031,120.0000,0.0000,30.0651,99.9757,25.0693,cruise
9.0033,120.0000,0.0000,30.0651,99.9742,25.0734,cruise
9.5035,120.0000,0.0000,30.0651,99.9728,25.0775,cruise
10.0037,120.0000,0.0000,30.0651,99.9714,25.0815,cruise
10.5039,120.0000,0.0000,30.0651,99.9699,25.0856,cruise
11.0041,120.0000,0.0000,30.0651,99.9685,25.0897,cruise
11.5042,120.0000,0.0000,30.0651,99.9671,25.0937,cruise
12.0044,120.0000,0.0000,30.0651,99.9656,25.0978,cruise
12.5046,120.0000,0.0000,30.0651,99.9642,25.1019,cruise
13.0048,120.0000,0.0000,30.0651,99.9628,25.1059,cruise
13.5050,120.0000,0.0000,30.0651,99.9613,25.1100,cruise
14.0052,120.0000,0.0000,30.0651,99.9599,25.1140,cruise
14.5053,120.0000,0.0000,30.0651,99.9585,25.1181,cruise
15.0055,120.0000,0.0000,30.0651,99.9570,25.1222,cruise
15.5057,120.0000,0.0000,30.0651,99.9556,25.1262,cruise
16.0059,120.0000,0.0000,30.0651,99.9542,25.1303,cruise
16.5061,120.0000,0.0000,30.0651,99.9527,25.1343,cruise
17.0063,120.0000,0.0000,30.0651,99.9513,25.1384,cruise
17.5065,120.0000,0.0000,30.0651,99.9499,25.1425,cruise
18.0066,120.0000,0.0000,30.0651,99.9484,25.1465,cruise
18.5068,120.0000,0.0000,30.0651,99.9470,25.1506,cruise
19.0070,120.0000,0.0000,30.0651,99.9456,25.1546,cruise
19.5072,120.0000,0.0000,30.0651,99.9441,25.1587,cruise
20.0074,120.0000,0.0000,30.0651,99.9427,25.1627,cruise
20.5076,120.0000,0.0000,30.0651,99.9413,25.1668,cruise
21.0077,120.0000,0.0000,30.0651,99.9398,25.1708,cruise
21.5079,120.0000,0.0000,30.0651,99.9384,25.1749,cruise
22.0081,120.0000,0.0000,30.0651,99.9370,25.1789,cruise
22.5083,120.0000,0.0000,30.0651,99.9356,25.1830,cruise
23.0085,120.0000,0.0000,30.0651,99.9341,25.1870,cruise
23.5087,120.0000,0.0000,30.0651,99.9327,25.1911,cruise
24.0088,120.0000,0.0000,30.0651,99.9313,25.1951,cruise
24.5090,120.0000,0.0000,30.0651,99.9298,25.1992,cruise
25.0092,120.0000,0.0000,30.0651,99.9284,25.2032,cruise
25.5094,120.0000,0.0000,30.0651,99.9270,25.2073,cruise
26.0096,120.0000,0.0000,30.0651,99.9255,25.2113,cruise
26.5098,120.0000,0.0000,30.0651,99.9241,25.2153,cruise
27.0100,120.0000,0.0000,30.0651,99.9227,25.2194,cruise
27.5101,120.0000,0.0000,30.0651,99.9212,25.2234,cruise
28.0103,120.0000,0.0000,30.0651,99.9198,25.2275,cruise
28.5105,120.0000,0.0000,30.0651,99.9184,25.2315,cruise
29.0107,120.0000,0.0000,30.0651,99.9169,25.2355,cruise
29.5109,120.0000,0.0000,30.0651,99.9155,25.2396,cruise
30.0111,120.0000,0.0000,30.0651,99.9141,25.2436,cruise
30.5112,120.0000,0.0000,30.0651,99.9126,25.2477,cruise
31.0114,120.0000,0.0000,30.0651,99.9112,25.2517,cruise
31.5116,120.0000,0.0000,30.0651,99.9098,25.2557,cruise
32.0118,120.0000,0.0000,30.0651,99.9083,25.2598,cruise
32.5120,120.0000,0.0000,30.0651,99.9069,25.2638,cruise
33.0122,120.0000,0.0000,30.0651,99.9055,25.2678,cruise
33.5124,120.0000,0.0000,30.0651,99.9040,25.2719,cruise
34.0125,120.0000,0.0000,30.0651,99.9026,25.2759,cruise
34.5127,120.0000,0.0000,30.0651,99.9012,25.2799,cruise
35.0129,120.0000,0.0000,30.0651,99.8997,25.2840,cruise
35.5131,120.0000,0.0000,30.0651,99.8983,25.2880,cruise
36.0133,120.0000,0.0000,30.0651,99.8969,25.2920,cruise
36.5135,120.0000,0.0000,30.0651,99.8954,25.2960,cruise
37.0136,120.0000,0.0000,30.0651,99.8940,25.3001,cruise
37.5138,120.0000,0.0000,30.0651,99.8926,25.3041,cruise
38.0140,120.0000,0.0000,30.0651,99.8912,25.3081,cruise
38.5142,120.0000,0.0000,30.0651,99.8897,25.3121,cruise
39.0144,120.0000,0.0000,30.0651,99.8883,25.3162,cruise
39.5146,120.0000,0.0000,30.0651,99.8869,25.3202,cruise
40.0147,120.0000,0.0000,30.0651,99.8854,25.3242,cruise
40.5149,120.0000,0.0000,30.0651,99.8840,25.3282,cruise
41.0151,120.0000,0.0000,30.0651,99.8826,25.3322,cruise
41.5153,120.0000,0.0000,30.0651,99.8811,25.3363,cruise
42.0155,120.0000,0.0000,30.0651,99.8797,25.3403,cruise
42.5157,120.0000,0.0000,30.0651,99.8783,25.3443,cruise
43.0159,120.0000,0.0000,30.0651,99.8768,25.3483,cruise
43.5160,120.0000,0.0000,30.0651,99.8754,25.3523,cruise
44.0162,120.0000,0.0000,30.0651,99.8740,25.3564,cruise
44.5164,120.0000,0.0000,30.0651,99.8725,25.3604,cruise
45.0166,120.0000,0.0000,30.0651,99.8711,25.3644,cruise
45.5168,120.0000,0.0000,30.0651,99.8697,25.3684,cruise
46.0170,120.0000,0.0000,30.0651,99.8682,25.3724,cruise
46.5171,120.0000,0.0000,30.0651,99.8668,25.3764,cruise
47.0173,120.0000,0.0000,30.0651,99.8654,25.3804,cruise
47.5175,120.0000,-85.2338,0.0000,99.8639,25.3844,braking
48.0177,59.6622,-17.4778,0.0000,99.8639,25.3843,braking
48.5179,36.5606,-5.0187,0.0000,99.8639,25.3842,braking
49.0181,26.4268,-1.7265,0.0000,99.8639,25.3839,braking
49.5183,21.8812,-0.4293,0.0000,99.8639,25.3836,braking
50.0132,20.6097,0.4848,9.8286,99.8639,25.3833,accel
50.5134,22.0550,1.8508,41.9223,99.8613,25.3891,accel
51.0136,26.8666,5.4166,80.0000,99.8515,25.4111,accel
51.5138,37.5596,19.4354,80.0000,99.8373,25.4480,accel
52.0139,62.3106,82.6940,80.0000,99.8282,25.4673,accel
52.5141,120.0000,0.0000,30.0651,99.8231,25.4798,cruise
53.0143,120.0000,0.0000,30.0651,99.8217,25.4838,cruise
53.5145,120.0000,0.0000,30.0651,99.8203,25.4877,cruise
54.0147,120.0000,0.0000,30.0651,99.8188,25.4917,cruise
54.5149,120.0000,0.0000,30.0651,99.8174,25.4957,cruise
55.0151,120.0000,0.0000,30.0651,99.8160,25.4997,cruise
55.5152,120.0000,0.0000,30.0651,99.8145,25.5037,cruise
56.0154,120.0000,0.0000,30.0651,99.8131,25.5077,cruise
56.5156,120.0000,0.0000,30.0651,99.8117,25.5117,cruise
57.0158,120.0000,0.0000,30.0651,99.8102,25.5157,cruise
57.5160,120.0000,0.0000,30.0651,99.8088,25.5196,cruise
58.0162,120.0000,0.0000,30.0651,99.8074,25.5236,cruise
58.5163,120.0000,0.0000,30.0651,99.8060,25.5276,cruise
59.0165,120.0000,0.0000,30.0651,99.8045,25.5316,cruise
59.5167,120.0000,0.0000,30.0651,99.8031,25.5356,cruise
60.0169,120.0000,0.0000,30.0651,99.8017,25.5396,cruise
60.5171,120.0000,0.0000,30.0651,99.8002,25.5435,cruise
61.0173,120.0000,0.0000,30.0651,99.7988,25.5475,cruise
61.5174,120.0000,0.0000,30.0651,99.7974,25.5515,cruise
62.0176,120.0000,0.0000,30.0651,99.7959,25.5555,cruise
62.5178,120.0000,0.0000,30.0651,99.7945,25.5594,cruise
63.0180,120.0000,0.0000,30.0651,99.7931,25.5634,cruise
63.5182,120.0000,0.0000,30.0651,99.7916,25.5674,cruise
64.0184,120.0000,-0.2598,0.0000,99.7902,25.5714,braking
64.5186,119.8623,-88.1847,0.0000,99.7902,25.5713,braking
65.0187,56.1359,-15.0277,0.0000,99.7902,25.5711,braking
65.5189,35.2129,-4.5030,0.0000,99.7902,25.5709,braking
66.0191,25.8311,-1.5687,0.0000,99.7902,25.5705,braking
66.5193,21.6271,-0.3678,0.0000,99.7902,25.5700,braking
67.0051,20.5500,0.5359,10.8347,99.7902,25.5695,accel
67.5053,22.1464,1.9325,44.0783,99.7873,25.5757,accel
68.0055,27.1340,5.6420,80.0000,99.7771,25.5986,accel
68.5057,38.1291,20.4392,80.0000,99.7631,25.6347,accel
69.0059,63.6662,81.3513,80.0000,99.7541,25.6534,accel
69.5061,120.0000,0.0000,30.0651,99.7491,25.6658,cruise
70.0062,120.0000,0.0000,30.0651,99.7477,25.6697,cruise
70.5064,120.0000,0.0000,30.0651,99.7462,25.6737,cruise
71.0066,120.0000,0.0000,30.0651,99.7448,25.6776,cruise
71.5068,120.0000,0.0000,30.0651,99.7434,25.6816,cruise
72.0070,120.0000,0.0000,30.0651,99.7419,25.6855,cruise
72.5072,120.0000,0.0000,30.0651,99.7405,25.6895,cruise
73.0073,120.0000,0.0000,30.0651,99.7391,25.6934,cruise
73.5075,120.0000,0.0000,30.0651,99.7376,25.6974,cruise
74.0077,120.0000,0.0000,30.0651,99.7362,25.7013,cruise
74.5079,120.0000,0.0000,30.0651,99.7348,25.7053,cruise
75.0081,120.0000,0.0000,30.0651,99.7333,25.7092,cruise
75.5083,120.0000,0.0000,30.0651,99.7319,25.7132,cruise
76.0084,120.0000,0.0000,30.0651,99.7305,25.7171,cruise
76.5086,120.0000,0.0000,30.0651,99.7290,25.7211,cruise
77.0088,120.0000,0.0000,30.0651,99.7276,25.7250,cruise
77.5090,120.0000,0.0000,30.0651,99.7262,25.7290,cruise
78.0092,120.0000,0.0000,30.0651,99.7247,25.7329,cruise
78.5094,120.0000,0.0000,30.0651,99.7233,25.7369,cruise
79.0096,120.0000,0.0000,30.0651,99.7219,25.7408,cruise
79.5097,120.0000,0.0000,30.0651,99.7204,25.7447,cruise
80.0099,120.0000,0.0000,30.0651,99.7190,25.7487,cruise
80.5101,120.0000,0.0000,30.0651,99.7176,25.7526,cruise
81.0103,120.0000,0.0000,30.0651,99.7162,25.7566,cruise
81.5105,120.0000,0.0000,30.0651,99.7147,25.7605,cruise
82.0107,120.0000,0.0000,30.0651,99.7133,25.7644,cruise
82.5108,120.0000,0.0000,30.0651,99.7119,25.7684,cruise
83.0110,120.0000,0.0000,30.0651,99.7104,25.7723,cruise
83.5112,120.0000,0.0000,30.0651,99.7090,25.7762,cruise
84.0114,120.0000,0.0000,30.0651,99.7076,25.7802,cruise
84.5116,120.0000,0.0000,30.0651,99.7061,25.7841,cruise
85.0118,120.0000,0.0000,30.0651,99.7047,25.7880,cruise
85.5120,120.0000,0.0000,30.0651,99.7033,25.7920,cruise
86.0121,120.0000,0.0000,30.0651,99.7018,25.7959,cruise
86.5123,120.0000,0.0000,30.0651,99.7004,25.7998,cruise
87.0125,120.0000,-6.2807,0.0000,99.6990,25.8038,braking
87.5127,116.6241,-82.8327,0.0000,99.6990,25.8036,braking
88.0129,55.3728,-14.5253,0.0000,99.6990,25.8034,braking
88.5131,34.9107,-4.3912,0.0000,99.6990,25.8030,braking
89.0132,25.6955,-1.5332,0.0000,99.6990,25.8025,braking
89.5134,21.5700,-0.3528,0.0000,99.6990,25.8018,braking
89.9973,20.5392,0.5487,11.0893,99.6990,25.8011,accel
90.4975,22.1731,1.9540,44.6530,99.6960,25.8073,accel
90.9977,27.2060,5.7023,80.0000,99.6857,25.8302,accel
91.4979,38.2806,20.7110,80.0000,99.6717,25.8660,accel
91.9980,64.0275,80.9885,80.0000,99.6628,25.8845,accel
92.4982,120.0000,0.0000,30.0651,99.6578,25.8968,cruise
92.9984,120.0000,0.0000,30.0651,99.6563,25.9007,cruise
93.4986,120.0000,0.0000,30.0651,99.6549,25.9046,cruise
93.9988,120.0000,0.0000,30.0651,99.6535,25.9085,cruise
94.4990,120.0000,0.0000,30.0651,99.6521,25.9124,cruise
94.9991,120.0000,0.0000,30.0651,99.6506,25.9163,cruise
95.4993,120.0000,0.0000,30.0651,99.6492,25.9202,cruise
95.9995,120.0000,0.0000,30.0651,99.6478,25.9241,cruise
96.4997,120.0000,0.0000,30.0651,99.6463,25.9281,cruise
96.9999,120.0000,0.0000,30.0651,99.6449,25.9320,cruise
97.5001,120.0000,0.0000,30.0651,99.6435,25.9359,cruise
98.0002,120.0000,0.0000,30.0651,99.6420,25.9398,cruise
98.5004,120.0000,0.0000,30.0651,99.6406,25.9437,cruise
99.0006,120.0000,0.0000,30.0651,99.6392,25.9476,cruise
99.5008,120.0000,0.0000,30.0651,99.6377,25.9515,cruise
100.0010,120.0000,0.0000,30.0651,99.6363,25.9554,cruise
100.5012,120.0000,0.0000,30.0651,99.6349,25.9593,cruise
101.0014,120.0000,0.0000,30.0651,99.6334,25.9632,cruise
101.5015,120.0000,0.0000,30.0651,99.6320,25.9671,cruise
102.0017,120.0000,0.0000,30.0651,99.6306,25.9710,cruise
102.5019,120.0000,0.0000,30.0651,99.6291,25.9749,cruise
103.0021,120.0000,0.0000,30.0651,99.6277,25.9788,cruise
103.5023,120.0000,0.0000,30.0651,99.6263,25.9827,cruise
104.0025,120.0000,-26.3520,0.0000,99.6248,25.9865,braking
104.5026,105.1115,-65.2524,0.0000,99.6248,25.9863,braking
105.0028,52.4341,-12.6815,0.0000,99.6248,25.9861,braking
105.5030,33.7111,-3.9617,0.0000,99.6248,25.9856,braking
106.0032,25.1510,-1.3917,0.0000,99.6248,25.9849,braking
106.5034,21.3442,-0.2886,0.0000,99.6248,25.9841,braking
106.9799,20.5086,0.6058,12.2352,99.6248,25.9832,accel
107.4801,22.3080,2.0540,47.3709,99.6216,25.9899,accel
107.9802,27.5478,5.9877,80.0000,99.6107,26.0139,accel
108.4804,38.9927,22.0202,80.0000,99.5970,26.0489,accel
108.9806,65.7347,79.2466,80.0000,99.5882,26.0665,accel
109.4808,120.0000,0.0000,30.0651,99.5833,26.0787,cruise
109.9810,120.0000,0.0000,30.0651,99.5819,26.0826,cruise
110.4812,120.0000,0.0000,30.0651,99.5804,26.0865,cruise
110.9813,120.0000,0.0000,30.0651,99.5790,26.0904,cruise
111.4815,120.0000,0.0000,30.0651,99.5776,26.0942,cruise
111.9817,120.0000,0.0000,30.0651,99.5761,26.0981,cruise
112.4819,120.0000,0.0000,30.0651,99.5747,26.1020,cruise
112.9821,120.0000,0.0000,30.0651,99.5733,26.1059,cruise
113.4823,120.0000,0.0000,30.0651,99.5719,26.1097,cruise
113.9824,120.0000,-73.8518,0.0000,99.5704,26.1136,braking
114.4826,70.7616,-19.3567,0.0000,99.5704,26.1133,braking
114.9828,50.4512,-5.9930,0.0000,99.5704,26.1130,braking
115.4830,42.2269,-1.1124,0.0000,99.5704,26.1125,braking
115.9813,40.5238,2.6300,80.0000,99.5704,26.1119,accel
116.4814,44.4598,9.4156,80.0000,99.5597,26.1368,accel
116.9816,56.3399,33.6093,80.0000,99.5506,26.1556,accel
117.4818,86.3063,54.6547,80.0000,99.5442,26.1679,accel
117.9820,120.0000,0.0000,30.0651,99.5397,26.1787,cruise
118.4822,120.0000,0.0000,30.0651,99.5383,26.1826,cruise
118.9824,120.0000,0.0000,30.0651,99.5369,26.1864,cruise
119.4825,120.0000,0.0000,30.0651,99.5354,26.1903,cruise
119.9827,120.0000,0.0000,30.0651,99.5340,26.1941,cruise
120.4829,120.0000,0.0000,30.0651,99.5326,26.1980,cruise
120.9831,120.0000,0.0000,30.0651,99.5311,26.2018,cruise
121.4833,120.0000,0.0000,30.0651,99.5297,26.2057,cruise
121.9835,120.0000,0.0000,30.0651,99.5283,26.2095,cruise
122.4837,120.0000,-31.3744,0.0000,99.5268,26.2134,braking
122.9838,102.0278,-57.7399,0.0000,99.5268,26.2131,braking
123.4840,55.3719,-12.6596,0.0000,99.5268,26.2128,braking
123.9842,38.1569,-4.1012,0.0000,99.5268,26.2123,braking
124.4844,30.5670,-1.2154,0.0000,99.5268,26.2116,braking
124.9846,27.9243,0.4639,12.7226,99.5268,26.2107,accel
125.4764,28.9443,2.5371,74.0010,99.5243,26.2155,accel
125.9766,34.0653,7.4689,80.0000,99.5109,26.2438,accel
126.4767,45.9388,26.3056,80.0000,99.4995,26.2709,accel
126.9769,73.8650,70.3227,80.0000,99.4918,26.2851,accel
127.4771,120.0000,0.0000,30.0651,99.4871,26.2953,cruise
127.9773,120.0000,0.0000,30.0651,99.4857,26.2991,cruise
128.4775,120.0000,0.0000,30.0651,99.4843,26.3029,cruise
128.9777,120.0000,0.0000,30.0651,99.4828,26.3068,cruise
129.4778,120.0000,0.0000,30.0651,99.4814,26.3106,cruise
129.9780,120.0000,0.0000,30.0651,99.4800,26.3144,cruise
130.4782,120.0000,0.0000,30.0651,99.4785,26.3182,cruise
130.9784,120.0000,0.0000,30.0651,99.4771,26.3221,cruise
131.4786,120.0000,0.0000,30.0651,99.4757,26.3259,cruise
131.9788,120.0000,-76.3057,0.0000,99.4742,26.3297,braking
132.4790,68.5208,-21.7595,0.0000,99.4742,26.3294,braking
132.9791,43.9047,-6.4883,0.0000,99.4742,26.3289,braking
133.4793,33.2026,-2.2016,0.0000,99.4742,26.3282,braking
133.9795,28.6776,-0.2769,0.0000,99.4742,26.3274,braking
134.4690,28.0702,1.4234,39.2833,99.4742,26.3265,accel
134.9692,31.1283,4.5458,80.0000,99.4666,26.3423,accel
135.4694,39.3336,14.1684,80.0000,99.4537,26.3745,accel
135.9696,57.8716,68.4060,80.0000,99.4443,26.3944,accel
136.4698,109.7693,18.4826,80.0000,99.4388,26.4067,accel
136.9700,120.0000,0.0000,30.0651,99.4348,26.4189,cruise
137.4701,120.0000,0.0000,30.0651,99.4334,26.4227,cruise
137.9703,120.0000,0.0000,30.0651,99.4320,26.4265,cruise
138.4705,120.0000,0.0000,30.0651,99.4305,26.4303,cruise
138.9707,120.0000,0.0000,30.0651,99.4291,26.4341,cruise
139.4709,120.0000,0.0000,30.0651,99.4277,26.4379,cruise
139.9711,120.0000,0.0000,30.0651,99.4262,26.4417,cruise
140.4712,120.0000,0.0000,30.0651,99.4248,26.4455,cruise
140.9714,120.0000,-42.8065,0.0000,99.4234,26.4493,braking
141.4716,94.6344,-48.4904,0.0000,99.4234,26.4490,braking
141.9718,52.8058,-11.2137,0.0000,99.4234,26.4486,braking
142.4720,36.9087,-3.6522,0.0000,99.4234,26.4479,braking
142.9722,29.9624,-0.9887,0.0000,99.4234,26.4471,braking
143.4724,27.7848,0.6926,18.7579,99.4234,26.4461,accel
143.9685,29.3152,3.0154,80.0000,99.4196,26.4533,accel
144.4687,35.2547,9.0309,80.0000,99.4055,26.4868,accel
144.9689,48.9028,34.7610,80.0000,99.3946,26.5118,accel
145.4691,82.5381,59.6571,80.0000,99.3876,26.5245,accel
145.9693,120.0000,0.0000,30.0651,99.3831,26.5350,cruise
146.4694,120.0000,0.0000,30.0651,99.3817,26.5388,cruise
146.9696,120.0000,0.0000,30.0651,99.3803,26.5426,cruise
147.4698,120.0000,0.0000,30.0651,99.3788,26.5464,cruise
147.9700,120.0000,0.0000,30.0651,99.3774,26.5502,cruise
148.4702,120.0000,0.0000,30.0651,99.3760,26.5540,cruise
148.9704,120.0000,0.0000,30.0651,99.3745,26.5577,cruise
149.4706,120.0000,0.0000,30.0651,99.3731,26.5615,cruise
149.9707,120.0000,0.0000,30.0651,99.3717,26.5653,cruise
150.4709,120.0000,-81.7033,0.0000,99.3702,26.5691,braking
150.9711,63.3136,-17.8077,0.0000,99.3702,26.5687,braking
151.4713,41.7582,-5.5322,0.0000,99.3702,26.5681,braking
151.9715,32.2512,-1.8409,0.0000,99.3702,26.5672,braking
152.4717,28.3903,-0.0446,0.0000,99.3702,26.5662,braking
152.9600,28.2927,1.7165,48.0508,99.3702,26.5651,accel
153.4602,31.9184,5.2251,80.0000,99.3611,26.5841,accel
153.9603,41.0286,16.6296,80.0000,99.3486,26.6148,accel
154.4605,61.6310,83.3563,80.0000,99.3397,26.6328,accel
154.9607,120.0000,0.0000,30.0651,99.3346,26.6449,cruise
155.4609,120.0000,0.0000,30.0651,99.3332,26.6487,cruise
155.9611,120.0000,0.0000,30.0651,99.3318,26.6525,cruise
156.4613,120.0000,0.0000,30.0651,99.3303,26.6562,cruise
156.9614,120.0000,0.0000,30.0651,99.3289,26.6600,cruise
157.4616,120.0000,0.0000,30.0651,99.3275,26.6638,cruise
157.9618,120.0000,0.0000,30.0651,99.3260,26.6675,cruise
158.4620,120.0000,0.0000,30.0651,99.3246,26.6713,cruise
158.9622,120.0000,0.0000,30.0651,99.3232,26.6751,cruise
159.4624,120.0000,-54.0932,0.0000,99.3217,26.6788,braking
159.9625,86.7190,-39.3179,0.0000,99.3217,26.6785,braking
160.4627,50.1952,-9.7622,0.0000,99.3217,26.6779,braking
160.9629,35.7486,-3.2199,0.0000,99.3217,26.6771,braking
161.4631,29.4692,-0.7794,0.0000,99.3217,26.6761,braking
161.9614,27.7431,0.9096,24.6067,99.3217,26.6749,accel
162.4616,29.7552,3.5045,80.0000,99.3168,26.6846,accel
162.9618,36.4840,10.7545,80.0000,99.3030,26.7194,accel
163.4620,51.9508,45.7386,80.0000,99.2927,26.7425,accel
163.9621,92.2829,46.2625,80.0000,99.2864,26.7546,accel
164.4623,120.0000,0.0000,30.0651,99.2820,26.7656,cruise
164.9625,120.0000,0.0000,30.0651,99.2806,26.7694,cruise
165.4627,120.0000,0.0000,30.0651,99.2792,26.7731,cruise
165.9629,120.0000,0.0000,30.0651,99.2778,26.7769,cruise
166.4631,120.0000,0.0000,30.0651,99.2763,26.7806,cruise
166.9632,120.0000,0.0000,30.0651,99.2749,26.7843,cruise
167.4634,120.0000,0.0000,30.0651,99.2735,26.7881,cruise
167.9636,120.0000,0.0000,30.0651,99.2720,26.7918,cruise
168.4638,120.0000,-10.7269,0.0000,99.2706,26.7956,braking
168.9640,114.1740,-74.9253,0.0000,99.2706,26.7952,braking
169.4642,59.2147,-15.0209,0.0000,99.2706,26.7947,braking
169.9643,39.9494,-4.7872,0.0000,99.2706,26.7940,braking
170.4645,31.4181,-1.5307,0.0000,99.2706,26.7930,braking
170.9647,28.1499,0.1880,5.5228,99.2706,26.7918,accel
171.4536,28.5620,2.0568,58.5695,99.2695,26.7930,accel
171.9538,32.8234,6.0927,80.0000,99.2586,26.8156,accel
172.4539,43.0381,20.0702,80.0000,99.2465,26.8445,accel
172.9541,66.3693,78.5875,80.0000,99.2382,26.8606,accel
173.4543,120.0000,0.0000,30.0651,99.2333,26.8727,cruise
173.9545,120.0000,0.0000,30.0651,99.2318,26.8764,cruise
174.4547,120.0000,0.0000,30.0651,99.2304,26.8801,cruise
174.9549,120.0000,0.0000,30.0651,99.2290,26.8838,cruise
175.4550,120.0000,0.0000,30.0651,99.2275,26.8876,cruise
175.9552,120.0000,0.0000,30.0651,99.2261,26.8913,cruise
176.4554,120.0000,0.0000,30.0651,99.2247,26.8950,cruise
176.9556,120.0000,0.0000,30.0651,99.2232,26.8987,cruise
177.4558,120.0000,0.0000,30.0651,99.2218,26.9024,cruise
177.9560,120.0000,0.0000,30.0651,99.2204,26.9061,cruise
178.4561,120.0000,-72.8167,0.0000,99.2189,26.9099,braking
178.9563,71.6857,-20.1298,0.0000,99.2189,26.9094,braking
179.4565,50.7805,-6.1976,0.0000,99.2189,26.9088,braking
179.9567,42.3133,-1.2101,0.0000,99.2189,26.9079,braking
180.4551,40.4603,2.5249,80.0000,99.2189,26.9070,accel
180.9553,44.2511,9.1758,80.0000,99.2082,26.9316,accel
181.4555,55.9033,32.5857,80.0000,99.1990,26.9503,accel
181.9557,85.2618,56.0636,80.0000,99.1925,26.9624,accel
182.4559,120.0000,0.0000,30.0651,99.1881,26.9729,cruise
182.9561,120.0000,0.0000,30.0651,99.1867,26.9767,cruise
183.4563,120.0000,0.0000,30.0651,99.1852,26.9804,cruise
183.9564,120.0000,0.0000,30.0651,99.1838,26.9841,cruise
184.4566,120.0000,0.0000,30.0651,99.1824,26.9878,cruise
184.9568,120.0000,0.0000,30.0651,99.1809,26.9915,cruise
185.4570,120.0000,0.0000,30.0651,99.1795,26.9952,cruise
185.9572,120.0000,0.0000,30.0651,99.1781,26.9989,cruise
186.4574,120.0000,0.0000,30.0651,99.1766,27.0026,cruise
186.9575,120.0000,0.0000,30.0651,99.1752,27.0063,cruise
187.4577,120.0000,0.0000,30.0651,99.1738,27.0100,cruise
187.9579,120.0000,0.0000,30.0651,99.1723,27.0136,cruise
188.4581,120.0000,0.0000,30.0651,99.1709,27.0173,cruise
188.9583,120.0000,0.0000,30.0651,99.1695,27.0210,cruise
189.4585,120.0000,0.0000,30.0651,99.1680,27.0247,cruise
189.9587,120.0000,0.0000,30.0651,99.1666,27.0284,cruise
190.4588,120.0000,0.0000,30.0651,99.1652,27.0321,cruise
190.9590,120.0000,0.0000,30.0651,99.1637,27.0358,cruise
191.4592,120.0000,0.0000,30.0651,99.1623,27.0395,cruise
191.9594,120.0000,0.0000,30.0651,99.1609,27.0432,cruise
192.4596,120.0000,0.0000,30.0651,99.1594,27.0469,cruise
192.9598,120.0000,0.0000,30.0651,99.1580,27.0506,cruise
193.4599,120.0000,0.0000,30.0651,99.1566,27.0543,cruise
193.9601,120.0000,0.0000,30.0651,99.1551,27.0580,cruise
194.4603,120.0000,0.0000,30.0651,99.1537,27.0616,cruise
194.9605,120.0000,0.0000,30.0651,99.1523,27.0653,cruise
195.4607,120.0000,0.0000,30.0651,99.1508,27.0690,cruise
195.9609,120.0000,0.0000,30.0651,99.1494,27.0727,cruise
196.4610,120.0000,0.0000,30.0651,99.1480,27.0764,cruise
196.9612,120.0000,0.0000,30.0651,99.1466,27.0801,cruise
197.4614,120.0000,0.0000,30.0651,99.1451,27.0837,cruise
197.9616,120.0000,0.0000,30.0651,99.1437,27.0874,cruise
198.4618,120.0000,0.0000,30.0651,99.1423,27.0911,cruise
198.9620,120.0000,0.0000,30.0651,99.1408,27.0948,cruise
199.4622,120.0000,0.0000,30.0651,99.1394,27.0985,cruise
199.9623,120.0000,0.0000,30.0651,99.1380,27.1022,cruise
200.4625,120.0000,0.0000,30.0651,99.1365,27.1058,cruise
200.9627,120.0000,0.0000,30.0651,99.1351,27.1095,cruise
201.4629,120.0000,0.0000,30.0651,99.1337,27.1132,cruise
201.9631,120.0000,0.0000,30.0651,99.1322,27.1169,cruise
202.4633,120.0000,0.0000,30.0651,99.1308,27.1205,cruise
202.9634,120.0000,0.0000,30.0651,99.1294,27.1242,cruise
203.4636,120.0000,0.0000,30.0651,99.1279,27.1279,cruise
203.9638,120.0000,0.0000,30.0651,99.1265,27.1316,cruise
204.4640,120.0000,0.0000,30.0651,99.1251,27.1352,cruise
204.9642,120.0000,0.0000,30.0651,99.1236,27.1389,cruise
205.4644,120.0000,0.0000,30.0651,99.1222,27.1426,cruise
205.9646,120.0000,0.0000,30.0651,99.1208,27.1463,cruise
206.4647,120.0000,0.0000,30.0651,99.1193,27.1499,cruise
206.9649,120.0000,0.0000,30.0651,99.1179,27.1536,cruise
207.4651,120.0000,0.0000,30.0651,99.1165,27.1573,cruise
207.9653,120.0000,0.0000,30.0651,99.1150,27.1609,cruise
208.4655,120.0000,0.0000,30.0651,99.1136,27.1646,cruise
208.9657,120.0000,0.0000,30.0651,99.1122,27.1683,cruise
209.4658,120.0000,0.0000,30.0651,99.1107,27.1719,cruise
209.9660,120.0000,0.0000,30.0651,99.1093,27.1756,cruise
210.4662,120.0000,0.0000,30.0651,99.1079,27.1793,cruise
210.9664,120.0000,0.0000,30.0651,99.1064,27.1829,cruise
211.4666,120.0000,0.0000,30.0651,99.1050,27.1866,cruise
211.9668,120.0000,0.0000,30.0651,99.1036,27.1903,cruise
212.4669,120.0000,0.0000,30.0651,99.1022,27.1939,cruise
212.9671,120.0000,0.0000,30.0651,99.1007,27.1976,cruise
213.4673,120.0000,0.0000,30.0651,99.0993,27.2012,cruise
213.9675,120.0000,0.0000,30.0651,99.0979,27.2049,cruise
214.4677,120.0000,0.0000,30.0651,99.0964,27.2086,cruise
214.9679,120.0000,0.0000,30.0651,99.0950,27.2122,cruise
215.4681,120.0000,0.0000,30.0651,99.0936,27.2159,cruise
215.9682,120.0000,0.0000,30.0651,99.0921,27.2195,cruise
216.4684,120.0000,0.0000,30.0651,99.0907,27.2232,cruise
216.9686,120.0000,0.0000,30.0651,99.0893,27.2268,cruise
217.4688,120.0000,0.0000,30.0651,99.0878,27.2305,cruise
217.9690,120.0000,0.0000,30.0651,99.0864,27.2341,cruise
218.4692,120.0000,0.0000,30.0651,99.0850,27.2378,cruise
218.9693,120.0000,0.0000,30.0651,99.0835,27.2415,cruise
219.4695,120.0000,0.0000,30.0651,99.0821,27.2451,cruise
219.9697,120.0000,0.0000,30.0651,99.0807,27.2488,cruise
220.4699,120.0000,0.0000,30.0651,99.0792,27.2524,cruise
220.9701,120.0000,0.0000,30.0651,99.0778,27.2561,cruise
221.4703,120.0000,0.0000,30.0651,99.0764,27.2597,cruise
221.9705,120.0000,0.0000,30.0651,99.0749,27.2634,cruise
222.4706,120.0000,0.0000,30.0651,99.0735,27.2670,cruise
222.9708,120.0000,0.0000,30.0651,99.0721,27.2707,cruise
223.4710,120.0000,0.0000,30.0651,99.0706,27.2743,cruise
223.9712,120.0000,0.0000,30.0651,99.0692,27.2779,cruise
224.4714,120.0000,0.0000,30.0651,99.0678,27.2816,cruise
224.9716,120.0000,0.0000,30.0651,99.0663,27.2852,cruise
225.4717,120.0000,0.0000,30.0651,99.0649,27.2889,cruise
225.9719,120.0000,0.0000,30.0651,99.0635,27.2925,cruise
226.4721,120.0000,0.0000,30.0651,99.0621,27.2962,cruise
226.9723,120.0000,0.0000,30.0651,99.0606,27.2998,cruise
227.4725,120.0000,0.0000,30.0651,99.0592,27.3034,cruise
227.9727,120.0000,0.0000,30.0651,99.0578,27.3071,cruise
228.4728,120.0000,0.0000,30.0651,99.0563,27.3107,cruise
228.9730,120.0000,0.0000,30.0651,99.0549,27.3144,cruise
229.4732,120.0000,0.0000,30.0651,99.0535,27.3180,cruise
229.9734,120.0000,0.0000,30.0651,99.0520,27.3216,cruise
230.4736,120.0000,0.0000,30.0651,99.0506,27.3253,cruise
230.9738,120.0000,0.0000,30.0651,99.0492,27.3289,cruise
231.4740,120.0000,0.0000,30.0651,99.0477,27.3325,cruise
231.9741,120.0000,0.0000,30.0651,99.0463,27.3362,cruise
232.4743,120.0000,0.0000,30.0651,99.0449,27.3398,cruise
232.9745,120.0000,0.0000,30.0651,99.0434,27.3434,cruise
233.4747,120.0000,0.0000,30.0651,99.0420,27.3471,cruise
233.9749,120.0000,0.0000,30.0651,99.0406,27.3507,cruise
234.4751,120.0000,0.0000,30.0651,99.0391,27.3543,cruise
234.9752,120.0000,0.0000,30.0651,99.0377,27.3580,cruise
235.4754,120.0000,0.0000,30.0651,99.0363,27.3616,cruise
235.9756,120.0000,0.0000,30.0651,99.0348,27.3652,cruise
236.4758,120.0000,0.0000,30.0651,99.0334,27.3689,cruise
236.9760,120.0000,0.0000,30.0651,99.0320,27.3725,cruise
237.4762,120.0000,0.0000,30.0651,99.0305,27.3761,cruise
237.9764,120.0000,0.0000,30.0651,99.0291,27.3797,cruise
238.4765,120.0000,0.0000,30.0651,99.0277,27.3834,cruise
238.9767,120.0000,0.0000,30.0651,99.0262,27.3870,cruise
239.4769,120.0000,0.0000,30.0651,99.0248,27.3906,cruise
239.9771,120.0000,0.0000,30.0651,99.0234,27.3942,cruise
240.4773,120.0000,0.0000,30.0651,99.0220,27.3979,cruise
240.9775,120.0000,0.0000,30.0651,99.0205,27.4015,cruise
241.4776,120.0000,0.0000,30.0651,99.0191,27.4051,cruise
241.9778,120.0000,0.0000,30.0651,99.0177,27.4087,cruise
242.4780,120.0000,0.0000,30.0651,99.0162,27.4123,cruise
242.9782,120.0000,0.0000,30.0651,99.0148,27.4160,cruise
243.4784,120.0000,0.0000,30.0651,99.0134,27.4196,cruise
243.9786,120.0000,0.0000,30.0651,99.0119,27.4232,cruise
244.4787,120.0000,0.0000,30.0651,99.0105,27.4268,cruise
244.9789,120.0000,0.0000,30.0651,99.0091,27.4304,cruise
245.4791,120.0000,0.0000,30.0651,99.0076,27.4340,cruise
245.9793,120.0000,0.0000,30.0651,99.0062,27.4377,cruise
246.4795,120.0000,0.0000,30.0651,99.0048,27.4413,cruise
246.9797,120.0000,0.0000,30.0651,99.0033,27.4449,cruise
247.4799,120.0000,0.0000,30.0651,99.0019,27.4485,cruise
247.9800,120.0000,0.0000,30.0651,99.0005,27.4521,cruise
248.4802,120.0000,0.0000,30.0651,98.9990,27.4557,cruise
248.9804,120.0000,0.0000,30.0651,98.9976,27.4593,cruise
249.4806,120.0000,0.0000,30.0651,98.9962,27.4629,cruise
249.9808,120.0000,0.0000,30.0651,98.9947,27.4666,cruise
250.4810,120.0000,0.0000,30.0651,98.9933,27.4702,cruise
250.9811,120.0000,0.0000,30.0651,98.9919,27.4738,cruise
251.4813,120.0000,0.0000,30.0651,98.9904,27.4774,cruise
251.9815,120.0000,-80.7976,0.0000,98.9890,27.4810,braking
252.4817,64.2168,-19.3814,0.0000,98.9890,27.4804,braking
252.9819,40.7282,-5.7849,0.0000,98.9890,27.4794,braking
253.4821,30.3814,-1.9953,0.0000,98.9890,27.4780,braking
253.9823,25.8701,-0.3686,0.0000,98.9890,27.4763,braking
254.4696,24.9718,0.9629,23.5878,98.9890,27.4744,accel
254.9698,27.3139,3.2202,80.0000,98.9839,27.4841,accel
255.4699,33.9942,9.6803,80.0000,98.9689,27.5196,accel
255.9701,48.8548,39.4232,80.0000,98.9579,27.5448,accel
256.4703,86.0280,55.0318,80.0000,98.9511,27.5569,accel
256.9705,120.0000,0.0000,30.0651,98.9467,27.5674,cruise
257.4707,120.0000,-10.8918,0.0000,98.9452,27.5710,braking
257.9709,114.0821,-74.2887,0.0000,98.9452,27.5705,braking
258.4711,59.7190,-15.3769,0.0000,98.9452,27.5698,braking
258.9712,40.1329,-4.8974,0.0000,98.9452,27.5688,braking
259.4714,31.4289,-1.5864,0.0000,98.9452,27.5673,braking
259.9716,28.0358,0.1258,3.8786,98.9452,27.5656,accel
260.4599,28.3130,1.9375,54.5787,98.9445,27.5655,accel
260.9601,32.3736,5.7650,80.0000,98.9342,27.5863,accel
261.4602,42.2050,18.7481,80.0000,98.9219,27.6156,accel
261.9604,64.5424,80.4679,80.0000,98.9134,27.6320,accel
262.4606,120.0000,0.0000,30.0651,98.9084,27.6439,cruise
262.9608,120.0000,0.0000,30.0651,98.9070,27.6475,cruise
263.4610,120.0000,0.0000,30.0651,98.9055,27.6511,cruise
263.9612,120.0000,0.0000,30.0651,98.9041,27.6546,cruise
264.4614,120.0000,-60.2047,0.0000,98.9027,27.6582,braking
264.9615,82.1152,-38.4381,0.0000,98.9027,27.6576,braking
265.4617,43.0601,-8.4949,0.0000,98.9027,27.6567,braking
265.9619,27.8166,-2.7215,0.0000,98.9027,27.6552,braking
266.4621,20.6791,-0.9672,0.0000,98.9027,27.6530,braking
266.9623,17.4534,-0.2288,0.0000,98.9027,27.6503,braking
267.4199,16.6732,0.3696,6.1182,98.9027,27.6476,accel
267.9200,18.0278,1.2864,23.9549,98.9007,27.6494,accel
268.4202,22.1045,3.6761,80.0000,98.8938,27.6629,accel
268.9204,30.9217,12.5152,80.0000,98.8766,27.7045,accel
269.4206,50.4765,73.2857,80.0000,98.8653,27.7302,accel
269.9208,108.9435,19.9027,80.0000,98.8596,27.7421,accel
270.4210,120.0000,0.0000,30.0651,98.8556,27.7539,cruise
270.9211,120.0000,0.0000,30.0651,98.8542,27.7574,cruise
271.4213,120.0000,0.0000,30.0651,98.8528,27.7610,cruise
271.9215,120.0000,-29.7695,0.0000,98.8513,27.7645,braking
272.4217,103.0232,-59.1114,0.0000,98.8513,27.7640,braking
272.9219,55.6393,-12.8514,0.0000,98.8513,27.7632,braking
273.4221,38.2259,-4.1610,0.0000,98.8513,27.7620,braking
273.9223,30.5287,-1.2547,0.0000,98.8513,27.7604,braking
274.4224,27.7925,0.4069,11.1574,98.8513,27.7585,accel
274.9133,28.6915,2.4077,69.4647,98.8491,27.7615,accel
275.4135,33.6069,7.0731,80.0000,98.8364,27.7875,accel
275.9136,45.0446,24.2981,80.0000,98.8247,27.8145,accel
276.4138,71.5497,72.9700,80.0000,98.8169,27.8286,accel
276.9140,120.0000,0.0000,30.0651,98.8121,27.8383,cruise
277.4142,120.0000,0.0000,30.0651,98.8107,27.8419,cruise
277.9144,120.0000,-72.4681,0.0000,98.8092,27.8454,braking
278.4146,71.9943,-25.7768,0.0000,98.8092,27.8448,braking
278.9148,43.6437,-7.1258,0.0000,98.8092,27.8437,braking
279.4149,31.5987,-2.4184,0.0000,98.8092,27.8422,braking
279.9151,26.2849,-0.5682,0.0000,98.8092,27.8403,braking
280.4099,24.8880,0.7709,18.7639,98.8092,27.8381,accel
280.9101,26.7855,2.8541,78.6695,98.8051,27.8453,accel
281.4102,32.8704,8.5716,80.0000,98.7900,27.8765,accel
281.9104,46.5900,34.0853,80.0000,98.7785,27.9031,accel
282.4106,80.6582,62.0693,80.0000,98.7713,27.9157,accel
282.9108,120.0000,0.0000,30.0651,98.7668,27.9258,cruise
283.4110,120.0000,0.0000,30.0651,98.7653,27.9293,cruise
283.9112,120.0000,0.0000,30.0651,98.7639,27.9328,cruise
284.4113,120.0000,0.0000,30.0651,98.7625,27.9363,cruise
284.9115,120.0000,0.0000,30.0651,98.7610,27.9399,cruise
285.4117,120.0000,0.0000,30.0651,98.7596,27.9434,cruise
285.9119,120.0000,0.0000,30.0651,98.7582,27.9469,cruise
286.4121,120.0000,0.0000,30.0651,98.7567,27.9504,cruise
286.9123,120.0000,0.0000,30.0651,98.7553,27.9539,cruise
287.4124,120.0000,0.0000,30.0651,98.7539,27.9574,cruise
287.9126,120.0000,0.0000,30.0651,98.7524,27.9610,cruise
288.4128,120.0000,0.0000,30.0651,98.7510,27.9645,cruise
288.9130,120.0000,0.0000,30.0651,98.7496,27.9680,cruise
289.4132,120.0000,0.0000,30.0651,98.7481,27.9715,cruise
289.9134,120.0000,0.0000,30.0651,98.7467,27.9750,cruise
290.4136,120.0000,0.0000,30.0651,98.7453,27.9785,cruise
290.9137,120.0000,0.0000,30.0651,98.7438,27.9820,cruise
291.4139,120.0000,0.0000,30.0651,98.7424,27.9855,cruise
291.9141,120.0000,0.0000,30.0651,98.7410,27.9890,cruise
292.4143,120.0000,0.0000,30.0651,98.7395,27.9926,cruise
292.9145,120.0000,0.0000,30.0651,98.7381,27.9961,cruise
293.4147,120.0000,0.0000,30.0651,98.7367,27.9996,cruise
293.9148,120.0000,0.0000,30.0651,98.7353,28.0031,cruise
294.4150,120.0000,0.0000,30.0651,98.7338,28.0066,cruise
294.9152,120.0000,0.0000,30.0651,98.7324,28.0101,cruise
295.4154,120.0000,0.0000,30.0651,98.7310,28.0136,cruise
295.9156,120.0000,0.0000,30.0651,98.7295,28.0171,cruise
296.4158,120.0000,0.0000,30.0651,98.7281,28.0206,cruise
296.9160,120.0000,0.0000,30.0651,98.7267,28.0241,cruise
297.4161,120.0000,0.0000,30.0651,98.7252,28.0276,cruise
297.9163,120.0000,0.0000,30.0651,98.7238,28.0311,cruise
298.4165,120.0000,0.0000,30.0651,98.7224,28.0346,cruise
298.9167,120.0000,0.0000,30.0651,98.7209,28.0381,cruise
299.4169,120.0000,0.0000,30.0651,98.7195,28.0416,cruise
299.9171,120.0000,0.0000,30.0651,98.7181,28.0451,cruise
300.4172,120.0000,0.0000,30.0651,98.7166,28.0486,cruise
300.9174,120.0000,0.0000,30.0651,98.7152,28.0521,cruise
301.4176,120.0000,0.0000,30.0651,98.7138,28.0556,cruise
301.9178,120.0000,0.0000,30.0651,98.7123,28.0591,cruise
302.4180,120.0000,0.0000,30.0651,98.7109,28.0626,cruise
302.9182,120.0000,0.0000,30.0651,98.7095,28.0661,cruise
303.4183,120.0000,0.0000,30.0651,98.7080,28.0696,cruise
303.9185,120.0000,0.0000,30.0651,98.7066,28.0731,cruise
304.4187,120.0000,0.0000,30.0651,98.7052,28.0765,cruise
304.9189,120.0000,0.0000,30.0651,98.7037,28.0800,cruise
305.4191,120.0000,0.0000,30.0651,98.7023,28.0835,cruise
305.9193,120.0000,0.0000,30.0651,98.7009,28.0870,cruise
306.4195,120.0000,0.0000,30.0651,98.6994,28.0905,cruise
306.9196,120.0000,0.0000,30.0651,98.6980,28.0940,cruise
307.4198,120.0000,0.0000,30.0651,98.6966,28.0975,cruise
307.9200,120.0000,0.0000,30.0651,98.6951,28.1010,cruise
308.4202,120.0000,0.0000,30.0651,98.6937,28.1045,cruise
308.9204,120.0000,0.0000,30.0651,98.6923,28.1079,cruise
309.4206,120.0000,0.0000,30.0651,98.6909,28.1114,cruise
309.9207,120.0000,0.0000,30.0651,98.6894,28.1149,cruise
310.4209,120.0000,0.0000,30.0651,98.6880,28.1184,cruise
310.9211,120.0000,0.0000,30.0651,98.6866,28.1219,cruise
311.4213,120.0000,0.0000,30.0651,98.6851,28.1254,cruise
311.9215,120.0000,0.0000,30.0651,98.6837,28.1288,cruise
312.4217,120.0000,0.0000,30.0651,98.6823,28.1323,cruise
312.9219,120.0000,0.0000,30.0651,98.6808,28.1358,cruise
313.4220,120.0000,0.0000,30.0651,98.6794,28.1393,cruise
313.9222,120.0000,0.0000,30.0651,98.6780,28.1428,cruise
314.4224,120.0000,0.0000,30.0651,98.6765,28.1462,cruise
314.9226,120.0000,0.0000,30.0651,98.6751,28.1497,cruise
315.4228,120.0000,0.0000,30.0651,98.6737,28.1532,cruise
315.9230,120.0000,0.0000,30.0651,98.6722,28.1567,cruise
316.4231,120.0000,0.0000,30.0651,98.6708,28.1602,cruise
316.9233,120.0000,0.0000,30.0651,98.6694,28.1636,cruise
317.4235,120.0000,0.0000,30.0651,98.6679,28.1671,cruise
317.9237,120.0000,0.0000,30.0651,98.6665,28.1706,cruise
318.4239,120.0000,0.0000,30.0651,98.6651,28.1740,cruise
318.9241,120.0000,0.0000,30.0651,98.6636,28.1775,cruise
319.4242,120.0000,0.0000,30.0651,98.6622,28.1810,cruise
319.9244,120.0000,0.0000,30.0651,98.6608,28.1845,cruise
320.4246,120.0000,0.0000,30.0651,98.6593,28.1879,cruise
320.9248,120.0000,0.0000,30.0651,98.6579,28.1914,cruise
321.4250,120.0000,0.0000,30.0651,98.6565,28.1949,cruise
321.9252,120.0000,0.0000,30.0651,98.6550,28.1983,cruise
322.4254,120.0000,0.0000,30.0651,98.6536,28.2018,cruise
322.9255,120.0000,0.0000,30.0651,98.6522,28.2053,cruise
323.4257,120.0000,0.0000,30.0651,98.6508,28.2087,cruise
323.9259,120.0000,0.0000,30.0651,98.6493,28.2122,cruise
324.4261,120.0000,0.0000,30.0651,98.6479,28.2157,cruise
324.9263,120.0000,0.0000,30.0651,98.6465,28.2191,cruise
325.4265,120.0000,0.0000,30.0651,98.6450,28.2226,cruise
325.9266,120.0000,0.0000,30.0651,98.6436,28.2261,cruise
326.4268,120.0000,0.0000,30.0651,98.6422,28.2295,cruise
326.9270,120.0000,0.0000,30.0651,98.6407,28.2330,cruise
327.4272,120.0000,0.0000,30.0651,98.6393,28.2365,cruise
327.9274,120.0000,0.0000,30.0651,98.6379,28.2399,cruise
328.4276,120.0000,0.0000,30.0651,98.6364,28.2434,cruise
328.9278,120.0000,0.0000,30.0651,98.6350,28.2468,cruise
329.4279,120.0000,0.0000,30.0651,98.6336,28.2503,cruise
329.9281,120.0000,0.0000,30.0651,98.6321,28.2537,cruise
330.4283,120.0000,0.0000,30.0651,98.6307,28.2572,cruise
330.9285,120.0000,0.0000,30.0651,98.6293,28.2607,cruise
331.4287,120.0000,0.0000,30.0651,98.6278,28.2641,cruise
331.9289,120.0000,0.0000,30.0651,98.6264,28.2676,cruise
332.4290,120.0000,0.0000,30.0651,98.6250,28.2710,cruise
332.9292,120.0000,0.0000,30.0651,98.6235,28.2745,cruise
333.4294,120.0000,0.0000,30.0651,98.6221,28.2779,cruise
333.9296,120.0000,0.0000,30.0651,98.6207,28.2814,cruise
334.4298,120.0000,0.0000,30.0651,98.6192,28.2848,cruise
334.9300,120.0000,0.0000,30.0651,98.6178,28.2883,cruise
335.4301,120.0000,0.0000,30.0651,98.6164,28.2917,cruise
335.9303,120.0000,0.0000,30.0651,98.6149,28.2952,cruise
336.4305,120.0000,0.0000,30.0651,98.6135,28.2986,cruise
336.9307,120.0000,0.0000,30.0651,98.6121,28.3021,cruise
337.4309,120.0000,0.0000,30.0651,98.6106,28.3055,cruise
337.9311,120.0000,0.0000,30.0651,98.6092,28.3090,cruise
338.4313,120.0000,0.0000,30.0651,98.6078,28.3124,cruise
338.9314,120.0000,0.0000,30.0651,98.6064,28.3159,cruise
339.4316,120.0000,0.0000,30.0651,98.6049,28.3193,cruise
339.9318,120.0000,0.0000,30.0651,98.6035,28.3228,cruise
340.4320,120.0000,0.0000,30.0651,98.6021,28.3262,cruise
340.9322,120.0000,0.0000,30.0651,98.6006,28.3297,cruise
341.4324,120.0000,0.0000,30.0651,98.5992,28.3331,cruise
341.9325,120.0000,0.0000,30.0651,98.5978,28.3365,cruise
342.4327,120.0000,0.0000,30.0651,98.5963,28.3400,cruise
342.9329,120.0000,0.0000,30.0651,98.5949,28.3434,cruise
343.4331,120.0000,0.0000,30.0651,98.5935,28.3469,cruise
343.9333,120.0000,0.0000,30.0651,98.5920,28.3503,cruise
344.4335,120.0000,0.0000,30.0651,98.5906,28.3537,cruise
344.9337,120.0000,0.0000,30.0651,98.5892,28.3572,cruise
345.4338,120.0000,0.0000,30.0651,98.5877,28.3606,cruise
345.9340,120.0000,0.0000,30.0651,98.5863,28.3641,cruise
346.4342,120.0000,0.0000,30.0651,98.5849,28.3675,cruise
346.9344,120.0000,0.0000,30.0651,98.5834,28.3709,cruise
347.4346,120.0000,0.0000,30.0651,98.5820,28.3744,cruise
347.9348,120.0000,-75.6444,0.0000,98.5806,28.3778,braking
348.4349,69.1318,-23.3286,0.0000,98.5806,28.3770,braking
348.9351,42.5695,-6.6152,0.0000,98.5806,28.3757,braking
349.4353,31.1578,-2.2633,0.0000,98.5806,28.3739,braking
349.9355,26.1335,-0.4996,0.0000,98.5806,28.3715,braking
350.4273,24.9093,0.8340,20.3328,98.5806,28.3690,accel
350.9275,26.9545,2.9703,80.0000,98.5761,28.3765,accel
351.4277,33.2313,8.9434,80.0000,98.5609,28.4087,accel
351.9279,47.3474,37.5705,80.0000,98.5495,28.4344,accel
352.4281,83.7864,58.0247,80.0000,98.5426,28.4465,accel
352.9282,120.0000,0.0000,30.0651,98.5381,28.4567,cruise
353.4284,120.0000,-81.6677,0.0000,98.5366,28.4601,braking
353.9286,63.3493,-21.0776,0.0000,98.5366,28.4593,braking
354.4288,36.5019,-5.5452,0.0000,98.5366,28.4578,braking
354.9290,25.0423,-1.9111,0.0000,98.5366,28.4556,braking
355.4292,19.5972,-0.6583,0.0000,98.5366,28.4526,braking
355.9293,17.3299,-0.0176,0.0000,98.5366,28.4489,braking
356.3584,17.2745,0.6162,10.6210,98.5366,28.4456,accel
356.8586,19.4108,1.8146,36.9841,98.5333,28.4498,accel
357.3588,24.6488,5.2327,80.0000,98.5237,28.4690,accel
357.8590,35.6803,19.2075,80.0000,98.5086,28.5069,accel
358.3592,60.9589,84.0041,80.0000,98.4991,28.5261,accel
358.8593,120.0000,0.0000,30.0651,98.4941,28.5378,cruise
359.3595,120.0000,0.0000,30.0651,98.4926,28.5412,cruise
359.8597,120.0000,0.0000,30.0651,98.4912,28.5446,cruise
360.3599,120.0000,0.0000,30.0651,98.4898,28.5480,cruise
360.8601,120.0000,0.0000,30.0651,98.4883,28.5514,cruise
361.3603,120.0000,0.0000,30.0651,98.4869,28.5548,cruise
361.8604,120.0000,0.0000,30.0651,98.4855,28.5582,cruise
362.3606,120.0000,0.0000,30.0651,98.4840,28.5616,cruise
362.8608,120.0000,0.0000,30.0651,98.4826,28.5650,cruise
363.3610,120.0000,0.0000,30.0651,98.4812,28.5684,cruise
363.8612,120.0000,0.0000,30.0651,98.4797,28.5718,cruise
364.3614,120.0000,0.0000,30.0651,98.4783,28.5752,cruise
364.8616,120.0000,-54.4095,0.0000,98.4769,28.5786,braking
365.3617,86.4867,-42.9492,0.0000,98.4769,28.5778,braking
365.8619,44.9164,-9.2598,0.0000,98.4769,28.5767,braking
366.3621,28.9789,-2.9513,0.0000,98.4769,28.5747,braking
366.8623,21.5502,-1.0466,0.0000,98.4769,28.5719,braking
367.3625,18.2015,-0.2419,0.0000,98.4769,28.5684,braking
367.8254,17.4018,0.4074,7.0237,98.4769,28.5648,accel
368.3256,18.8318,1.4127,27.4761,98.4747,28.5662,accel
368.8258,23.1150,4.0529,80.0000,98.4672,28.5804,accel
369.3260,32.4002,14.0975,80.0000,98.4507,28.6224,accel
369.8261,53.3175,90.8700,80.0000,98.4400,28.6457,accel
370.3263,120.0000,0.0000,30.0651,98.4347,28.6575,cruise
370.8265,120.0000,-22.5261,0.0000,98.4333,28.6608,braking
371.3267,107.4013,-67.1622,0.0000,98.4333,28.6601,braking
371.8269,54.7087,-12.9441,0.0000,98.4333,28.6591,braking
372.3271,36.6981,-4.1661,0.0000,98.4333,28.6575,braking
372.8273,28.5812,-1.3918,0.0000,98.4333,28.6552,braking
373.3274,25.2956,0.0054,0.6291,98.4333,28.6525,cruise
373.8095,25.3088,1.4066,35.3098,98.4332,28.6501,accel
374.3097,28.6258,4.2019,80.0000,98.4257,28.6642,accel
374.8098,36.7948,13.0042,80.0000,98.4117,28.6983,accel
375.3100,54.8433,61.9549,80.0000,98.4017,28.7193,accel
375.8102,104.3431,27.6175,80.0000,98.3960,28.7309,accel
376.3104,120.0000,0.0000,30.0651,98.3919,28.7422,cruise
376.8106,120.0000,0.0000,30.0651,98.3905,28.7455,cruise
377.3108,120.0000,0.0000,30.0651,98.3890,28.7489,cruise
377.8109,120.0000,0.0000,30.0651,98.3876,28.7523,cruise
378.3111,120.0000,0.0000,30.0651,98.3862,28.7556,cruise
378.8113,120.0000,0.0000,30.0651,98.3848,28.7590,cruise
379.3115,120.0000,0.0000,30.0651,98.3833,28.7623,cruise
379.8117,120.0000,0.0000,30.0651,98.3819,28.7657,cruise
380.3119,120.0000,0.0000,30.0651,98.3805,28.7691,cruise
380.8121,120.0000,0.0000,30.0651,98.3790,28.7724,cruise
381.3122,120.0000,0.0000,30.0651,98.3776,28.7758,cruise
381.8124,120.0000,0.0000,30.0651,98.3762,28.7791,cruise
382.3126,120.0000,0.0000,30.0651,98.3747,28.7825,cruise
382.8128,120.0000,0.0000,30.0651,98.3733,28.7859,cruise
383.3130,120.0000,0.0000,30.0651,98.3719,28.7892,cruise
383.8132,120.0000,0.0000,30.0651,98.3704,28.7926,cruise
384.3133,120.0000,0.0000,30.0651,98.3690,28.7959,cruise
384.8135,120.0000,0.0000,30.0651,98.3676,28.7993,cruise
385.3137,120.0000,0.0000,30.0651,98.3661,28.8026,cruise
385.8139,120.0000,0.0000,30.0651,98.3647,28.8060,cruise
386.3141,120.0000,-79.8975,0.0000,98.3633,28.8093,braking
386.8143,65.1021,-18.7744,0.0000,98.3633,28.8084,braking
387.3144,43.0170,-5.8010,0.0000,98.3633,28.8069,braking
387.8146,33.3567,-1.9025,0.0000,98.3633,28.8049,braking
388.3148,29.5077,0.0279,1.4582,98.3633,28.8025,accel
388.8048,29.5666,1.9809,58.0654,98.3630,28.8006,accel
389.3050,33.5578,5.9967,80.0000,98.3525,28.8210,accel
389.8052,43.4605,19.5457,80.0000,98.3406,28.8483,accel
390.3053,66.1417,78.8247,80.0000,98.3323,28.8635,accel
390.8055,120.0000,0.0000,30.0651,98.3273,28.8751,cruise
391.3057,120.0000,0.0000,30.0651,98.3259,28.8784,cruise
391.8059,120.0000,0.0000,30.0651,98.3245,28.8818,cruise
392.3061,120.0000,0.0000,30.0651,98.3230,28.8851,cruise
392.8063,120.0000,0.0000,30.0651,98.3216,28.8884,cruise
393.3065,120.0000,0.0000,30.0651,98.3202,28.8918,cruise
393.8066,120.0000,-65.6437,0.0000,98.3187,28.8951,braking
394.3068,77.7891,-29.0714,0.0000,98.3187,28.8942,braking
394.8070,48.5151,-8.1888,0.0000,98.3187,28.8929,braking
395.3072,36.2247,-2.7529,0.0000,98.3187,28.8911,braking
395.8074,31.0178,-0.4198,0.0000,98.3187,28.8887,braking
396.3002,30.1579,1.5538,45.9482,98.3187,28.8862,accel
396.8003,33.2733,5.1122,80.0000,98.3105,28.9017,accel
397.3005,41.9202,16.2042,80.0000,98.2983,28.9299,accel
397.8007,61.7918,82.7460,80.0000,98.2895,28.9467,accel
398.3009,119.7591,0.4542,79.8311,98.2844,28.9583,accel
398.8011,120.0000,0.0000,30.0651,98.2806,28.9683,cruise
399.3013,120.0000,0.0000,30.0651,98.2792,28.9716,cruise
399.8014,120.0000,0.0000,30.0651,98.2778,28.9750,cruise
400.3016,120.0000,0.0000,30.0651,98.2763,28.9783,cruise
400.8018,120.0000,0.0000,30.0651,98.2749,28.9816,cruise
401.3020,120.0000,-35.8325,0.0000,98.2735,28.9849,braking
401.8022,99.2102,-42.6461,0.0000,98.2735,28.9841,braking
402.3024,66.4736,-11.5298,0.0000,98.2735,28.9830,braking
402.8026,54.3354,-2.2623,0.0000,98.2735,28.9817,braking
403.3021,51.6234,4.2360,80.0000,98.2735,28.9801,accel
403.8023,56.6015,16.2382,80.0000,98.2650,28.9957,accel
404.3025,72.5878,60.0786,80.0000,98.2579,29.0077,accel
404.8026,113.6224,11.7149,80.0000,98.2530,29.0192,accel
405.3028,120.0000,-5.4579,0.0000,98.2491,29.0311,braking
405.8030,117.0719,-79.0560,0.0000,98.2491,29.0303,braking
406.3032,60.4246,-17.1977,0.0000,98.2491,29.0293,braking
406.8034,38.2603,-5.2347,0.0000,98.2491,29.0277,braking
407.3036,28.2504,-1.8195,0.0000,98.2491,29.0252,braking
407.8037,23.8049,-0.3947,0.0000,98.2491,29.0222,braking
408.2906,22.7553,0.7113,15.8828,98.2491,29.0189,accel
408.7908,24.6632,2.4857,63.2702,98.2453,29.0243,accel
409.2910,30.4042,7.3528,80.0000,98.2322,29.0508,accel
409.7911,43.1228,28.2077,80.0000,98.2197,29.0797,accel
410.2913,73.8049,70.3926,80.0000,98.2119,29.0934,accel
410.7915,120.0000,0.0000,30.0651,98.2072,29.1029,cruise
411.2917,120.0000,0.0000,30.0651,98.2057,29.1062,cruise
411.7919,120.0000,0.0000,30.0651,98.2043,29.1095,cruise
412.2921,120.0000,0.0000,30.0651,98.2029,29.1128,cruise
412.7923,120.0000,0.0000,30.0651,98.2014,29.1161,cruise
413.2924,120.0000,0.0000,30.0651,98.2000,29.1194,cruise
413.7926,120.0000,0.0000,30.0651,98.1986,29.1227,cruise
414.2928,120.0000,0.0000,30.0651,98.1971,29.1260,cruise
414.7930,120.0000,0.0000,30.0651,98.1957,29.1292,cruise
415.2932,120.0000,0.0000,30.0651,98.1943,29.1325,cruise
415.7934,120.0000,0.0000,30.0651,98.1929,29.1358,cruise
416.2935,120.0000,0.0000,30.0651,98.1914,29.1391,cruise
416.7937,120.0000,0.0000,30.0651,98.1900,29.1424,cruise
417.2939,120.0000,0.0000,30.0651,98.1886,29.1457,cruise
417.7941,120.0000,0.0000,30.0651,98.1871,29.1490,cruise
418.2943,120.0000,0.0000,30.0651,98.1857,29.1523,cruise
418.7945,120.0000,0.0000,30.0651,98.1843,29.1555,cruise
419.2947,120.0000,0.0000,30.0651,98.1828,29.1588,cruise
419.7948,120.0000,0.0000,30.0651,98.1814,29.1621,cruise
420.2950,120.0000,0.0000,30.0651,98.1800,29.1654,cruise
420.7952,120.0000,0.0000,30.0651,98.1785,29.1687,cruise
421.2954,120.0000,0.0000,30.0651,98.1771,29.1720,cruise
421.7956,120.0000,0.0000,30.0651,98.1757,29.1752,cruise
422.2958,120.0000,0.0000,30.0651,98.1742,29.1785,cruise
422.7959,120.0000,0.0000,30.0651,98.1728,29.1818,cruise
423.2961,120.0000,0.0000,30.0651,98.1714,29.1851,cruise
423.7963,120.0000,0.0000,30.0651,98.1699,29.1883,cruise
424.2965,120.0000,0.0000,30.0651,98.1685,29.1916,cruise
424.7967,120.0000,0.0000,30.0651,98.1671,29.1949,cruise
425.2969,120.0000,0.0000,30.0651,98.1656,29.1982,cruise
425.7970,120.0000,0.0000,30.0651,98.1642,29.2015,cruise
426.2972,120.0000,0.0000,30.0651,98.1628,29.2047,cruise
426.7974,120.0000,0.0000,30.0651,98.1613,29.2080,cruise
427.2976,120.0000,0.0000,30.0651,98.1599,29.2113,cruise
427.7978,120.0000,0.0000,30.0651,98.1585,29.2145,cruise
428.2980,120.0000,0.0000,30.0651,98.1570,29.2178,cruise
428.7982,120.0000,0.0000,30.0651,98.1556,29.2211,cruise
429.2983,120.0000,0.0000,30.0651,98.1542,29.2244,cruise
429.7985,120.0000,0.0000,30.0651,98.1528,29.2276,cruise
430.2987,120.0000,0.0000,30.0651,98.1513,29.2309,cruise
430.7989,120.0000,0.0000,30.0651,98.1499,29.2342,cruise
431.2991,120.0000,-21.0425,0.0000,98.1485,29.2374,braking
431.7993,108.2761,-69.8596,0.0000,98.1485,29.2366,braking
432.2994,53.2791,-13.1970,0.0000,98.1485,29.2355,braking
432.7996,34.0619,-4.0850,0.0000,98.1485,29.2335,braking
433.2998,25.3113,-1.4332,0.0000,98.1485,29.2306,braking
433.8000,21.4100,-0.3083,0.0000,98.1485,29.2271,braking
434.2786,20.5153,0.5880,11.8752,98.1485,29.2233,accel
434.7787,22.2633,2.0220,46.4949,98.1453,29.2268,accel
435.2789,27.4376,5.8956,80.0000,98.1346,29.2478,accel
435.7791,38.7640,21.5938,80.0000,98.1208,29.2810,accel
436.2793,65.1848,79.8128,80.0000,98.1120,29.2976,accel
436.7795,120.0000,0.0000,30.0651,98.1070,29.3091,cruise
437.2797,120.0000,0.0000,30.0651,98.1056,29.3124,cruise
437.7799,120.0000,0.0000,30.0651,98.1042,29.3156,cruise
438.2800,120.0000,0.0000,30.0651,98.1027,29.3189,cruise
438.7802,120.0000,0.0000,30.0651,98.1013,29.3221,cruise
439.2804,120.0000,0.0000,30.0651,98.0999,29.3254,cruise
439.7806,120.0000,0.0000,30.0651,98.0984,29.3286,cruise
440.2808,120.0000,0.0000,30.0651,98.0970,29.3319,cruise
440.7810,120.0000,0.0000,30.0651,98.0956,29.3351,cruise
441.2811,120.0000,0.0000,30.0651,98.0941,29.3384,cruise
441.7813,120.0000,0.0000,30.0651,98.0927,29.3416,cruise
442.2815,120.0000,0.0000,30.0651,98.0913,29.3449,cruise
442.7817,120.0000,0.0000,30.0651,98.0898,29.3481,cruise
443.2819,120.0000,0.0000,30.0651,98.0884,29.3514,cruise
443.7821,120.0000,0.0000,30.0651,98.0870,29.3546,cruise
444.2823,120.0000,0.0000,30.0651,98.0855,29.3578,cruise
444.7824,120.0000,0.0000,30.0651,98.0841,29.3611,cruise
445.2826,120.0000,0.0000,30.0651,98.0827,29.3643,cruise
445.7828,120.0000,0.0000,30.0651,98.0813,29.3676,cruise
446.2830,120.0000,0.0000,30.0651,98.0798,29.3708,cruise
446.7832,120.0000,0.0000,30.0651,98.0784,29.3741,cruise
447.2834,120.0000,0.0000,30.0651,98.0770,29.3773,cruise
447.7835,120.0000,0.0000,30.0651,98.0755,29.3805,cruise
448.2837,120.0000,-36.6703,0.0000,98.0741,29.3838,braking
448.7839,98.6717,-56.4046,0.0000,98.0741,29.3829,braking
449.2841,50.6194,-11.6143,0.0000,98.0741,29.3816,braking
449.7843,32.9418,-3.6977,0.0000,98.0741,29.3795,braking
450.2845,24.7968,-1.3004,0.0000,98.0741,29.3765,braking
450.7846,21.2011,-0.2428,0.0000,98.0741,29.3727,braking
451.2568,20.5022,0.6488,13.1128,98.0741,29.3688,accel
451.7570,22.4244,2.1338,49.5856,98.0706,29.3730,accel
452.2572,27.8252,6.2212,80.0000,98.0593,29.3952,accel
452.7574,39.5661,23.1167,80.0000,98.0457,29.4276,accel
453.2576,67.1235,77.7959,80.0000,98.0372,29.4433,accel
453.7578,120.0000,0.0000,30.0651,98.0323,29.4548,cruise
454.2580,120.0000,0.0000,30.0651,98.0309,29.4580,cruise
454.7581,120.0000,0.0000,30.0651,98.0294,29.4612,cruise
455.2583,120.0000,0.0000,30.0651,98.0280,29.4644,cruise
455.7585,120.0000,0.0000,30.0651,98.0266,29.4677,cruise
456.2587,120.0000,0.0000,30.0651,98.0251,29.4709,cruise
456.7589,120.0000,0.0000,30.0651,98.0237,29.4741,cruise
457.2591,120.0000,0.0000,30.0651,98.0223,29.4773,cruise
457.7592,120.0000,0.0000,30.0651,98.0208,29.4805,cruise
458.2594,120.0000,0.0000,30.0651,98.0194,29.4838,cruise
458.7596,120.0000,0.0000,30.0651,98.0180,29.4870,cruise
459.2598,120.0000,0.0000,30.0651,98.0165,29.4902,cruise
459.7600,120.0000,0.0000,30.0651,98.0151,29.4934,cruise
460.2602,120.0000,0.0000,30.0651,98.0137,29.4966,cruise
460.7604,120.0000,0.0000,30.0651,98.0122,29.4999,cruise
461.2605,120.0000,0.0000,30.0651,98.0108,29.5031,cruise
461.7607,120.0000,0.0000,30.0651,98.0094,29.5063,cruise
462.2609,120.0000,0.0000,30.0651,98.0079,29.5095,cruise
462.7611,120.0000,0.0000,30.0651,98.0065,29.5127,cruise
463.2613,120.0000,0.0000,30.0651,98.0051,29.5159,cruise
463.7615,120.0000,0.0000,30.0651,98.0036,29.5192,cruise
464.2616,120.0000,0.0000,30.0651,98.0022,29.5224,cruise
464.7618,120.0000,0.0000,30.0651,98.0008,29.5256,cruise
465.2620,120.0000,0.0000,30.0651,97.9993,29.5288,cruise
465.7622,120.0000,0.0000,30.0651,97.9979,29.5320,cruise
466.2624,120.0000,0.0000,30.0651,97.9965,29.5352,cruise
466.7626,120.0000,0.0000,30.0651,97.9950,29.5384,cruise
467.2627,120.0000,0.0000,30.0651,97.9936,29.5416,cruise
467.7629,120.0000,0.0000,30.0651,97.9922,29.5449,cruise
468.2631,120.0000,0.0000,30.0651,97.9908,29.5481,cruise
468.7633,120.0000,0.0000,30.0651,97.9893,29.5513,cruise
469.2635,120.0000,0.0000,30.0651,97.9879,29.5545,cruise
469.7637,120.0000,0.0000,30.0651,97.9865,29.5577,cruise
470.2639,120.0000,0.0000,30.0651,97.9850,29.5609,cruise
470.7640,120.0000,0.0000,30.0651,97.9836,29.5641,cruise
471.2642,120.0000,0.0000,30.0651,97.9822,29.5673,cruise
471.7644,120.0000,0.0000,30.0651,97.9807,29.5705,cruise
472.2646,120.0000,0.0000,30.0651,97.9793,29.5737,cruise
472.7648,120.0000,0.0000,30.0651,97.9779,29.5769,cruise
473.2650,120.0000,0.0000,30.0651,97.9764,29.5801,cruise
473.7651,120.0000,0.0000,30.0651,97.9750,29.5833,cruise
474.2653,120.0000,0.0000,30.0651,97.9736,29.5865,cruise
474.7655,120.0000,0.0000,30.0651,97.9721,29.5897,cruise
475.2657,120.0000,0.0000,30.0651,97.9707,29.5929,cruise
475.7659,120.0000,0.0000,30.0651,97.9693,29.5961,cruise
476.2661,120.0000,0.0000,30.0651,97.9678,29.5993,cruise
476.7663,120.0000,0.0000,30.0651,97.9664,29.6025,cruise
477.2664,120.0000,0.0000,30.0651,97.9650,29.6057,cruise
477.7666,120.0000,0.0000,30.0651,97.9635,29.6089,cruise
478.2668,120.0000,0.0000,30.0651,97.9621,29.6121,cruise
478.7670,120.0000,0.0000,30.0651,97.9607,29.6153,cruise
479.2672,120.0000,0.0000,30.0651,97.9592,29.6185,cruise
479.7674,120.0000,0.0000,30.0651,97.9578,29.6217,cruise
480.2675,120.0000,0.0000,30.0651,97.9564,29.6249,cruise
480.7677,120.0000,0.0000,30.0651,97.9549,29.6281,cruise
481.2679,120.0000,0.0000,30.0651,97.9535,29.6313,cruise
481.7681,120.0000,0.0000,30.0651,97.9521,29.6345,cruise
482.2683,120.0000,0.0000,30.0651,97.9506,29.6377,cruise
482.7685,120.0000,0.0000,30.0651,97.9492,29.6408,cruise
483.2686,120.0000,0.0000,30.0651,97.9478,29.6440,cruise
483.7688,120.0000,0.0000,30.0651,97.9464,29.6472,cruise
484.2690,120.0000,0.0000,30.0651,97.9449,29.6504,cruise
484.7692,120.0000,0.0000,30.0651,97.9435,29.6536,cruise
485.2694,120.0000,0.0000,30.0651,97.9421,29.6568,cruise
485.7696,120.0000,0.0000,30.0651,97.9406,29.6600,cruise
486.2698,120.0000,0.0000,30.0651,97.9392,29.6632,cruise
486.7699,120.0000,0.0000,30.0651,97.9378,29.6663,cruise
487.2701,120.0000,0.0000,30.0651,97.9363,29.6695,cruise
487.7703,120.0000,0.0000,30.0651,97.9349,29.6727,cruise
488.2705,120.0000,0.0000,30.0651,97.9335,29.6759,cruise
488.7707,120.0000,0.0000,30.0651,97.9320,29.6791,cruise
489.2709,120.0000,0.0000,30.0651,97.9306,29.6823,cruise
489.7710,120.0000,0.0000,30.0651,97.9292,29.6855,cruise
490.2712,120.0000,0.0000,30.0651,97.9277,29.6886,cruise
490.7714,120.0000,0.0000,30.0651,97.9263,29.6918,cruise
491.2716,120.0000,0.0000,30.0651,97.9249,29.6950,cruise
491.7718,120.0000,0.0000,30.0651,97.9234,29.6982,cruise
492.2720,120.0000,0.0000,30.0651,97.9220,29.7014,cruise
492.7722,120.0000,0.0000,30.0651,97.9206,29.7045,cruise
493.2723,120.0000,0.0000,30.0651,97.9191,29.7077,cruise
493.7725,120.0000,0.0000,30.0651,97.9177,29.7109,cruise
494.2727,120.0000,0.0000,30.0651,97.9163,29.7141,cruise
494.7729,120.0000,0.0000,30.0651,97.9148,29.7172,cruise
495.2731,120.0000,0.0000,30.0651,97.9134,29.7204,cruise
495.7733,120.0000,0.0000,30.0651,97.9120,29.7236,cruise
496.2734,120.0000,0.0000,30.0651,97.9105,29.7268,cruise
496.7736,120.0000,-69.0816,0.0000,97.9091,29.7299,braking
497.2738,74.9259,-26.8087,0.0000,97.9091,29.7289,braking
497.7740,46.9494,-7.6566,0.0000,97.9091,29.7272,braking
498.2742,35.0777,-2.5878,0.0000,97.9091,29.7249,braking
498.7744,30.0219,-0.4061,0.0000,97.9091,29.7220,braking
499.2663,29.1635,1.4323,40.9596,97.9091,29.7188,accel
499.7665,32.1353,4.7146,80.0000,97.9015,29.7324,accel
500.2667,40.4018,14.7809,80.0000,97.8889,29.7616,accel
500.7669,59.2639,72.2768,80.0000,97.8797,29.7793,accel
501.2670,112.7151,13.3294,80.0000,97.8744,29.7907,accel
501.7672,120.0000,0.0000,30.0651,97.8704,29.8024,cruise
502.2674,120.0000,0.0000,30.0651,97.8690,29.8055,cruise
502.7676,120.0000,0.0000,30.0651,97.8676,29.8087,cruise
503.2678,120.0000,0.0000,30.0651,97.8661,29.8119,cruise
503.7680,120.0000,0.0000,30.0651,97.8647,29.8150,cruise
504.2681,120.0000,-42.5672,0.0000,97.8633,29.8182,braking
504.7683,94.7951,-47.7056,0.0000,97.8633,29.8171,braking
505.2685,54.0250,-11.3629,0.0000,97.8633,29.8158,braking
505.7687,38.3865,-3.7046,0.0000,97.8633,29.8136,braking
506.2689,31.6600,-0.8798,0.0000,97.8633,29.8109,braking
506.7672,29.8476,1.0859,31.5678,97.8633,29.8077,accel
507.2674,32.0778,4.1558,80.0000,97.8575,29.8173,accel
507.7675,39.4657,12.9778,80.0000,97.8447,29.8470,accel
508.2677,56.6402,59.1388,80.0000,97.8352,29.8658,accel
508.7679,103.5840,28.8585,80.0000,97.8294,29.8771,accel
509.2681,120.0000,0.0000,30.0651,97.8254,29.8881,cruise
509.7683,120.0000,0.0000,30.0651,97.8239,29.8913,cruise
510.2685,120.0000,0.0000,30.0651,97.8225,29.8944,cruise
510.7686,120.0000,0.0000,30.0651,97.8211,29.8976,cruise
511.2688,120.0000,0.0000,30.0651,97.8196,29.9007,cruise
511.7690,120.0000,-10.1325,0.0000,97.8182,29.9038,braking
512.2692,114.5046,-63.2475,0.0000,97.8182,29.9029,braking
512.7694,71.1842,-15.3180,0.0000,97.8182,29.9017,braking
513.2696,55.8478,-3.7655,0.0000,97.8182,29.9001,braking
513.7698,51.3815,2.7268,80.0000,97.8182,29.8982,accel
514.2696,54.6498,12.5705,80.0000,97.8096,29.9139,accel
514.7697,67.7154,45.1550,80.0000,97.8021,29.9264,accel
515.2699,101.6287,32.0135,80.0000,97.7967,29.9378,accel
515.7701,120.0000,0.0000,30.0651,97.7926,29.9487,cruise
516.2703,120.0000,-74.2044,0.0000,97.7911,29.9518,braking
516.7705,70.4440,-25.0451,0.0000,97.7911,29.9507,braking
517.2707,42.1545,-6.9199,0.0000,97.7911,29.9488,braking
517.7709,29.9484,-2.3463,0.0000,97.7911,29.9461,braking
518.2710,24.4641,-0.6338,0.0000,97.7911,29.9425,braking
518.7712,22.7570,0.4808,10.7317,97.7911,29.9383,accel
519.2642,24.0448,2.0169,49.4329,97.7886,29.9402,accel
519.7644,28.8906,5.8812,80.0000,97.7779,29.9605,accel
520.2646,39.7827,20.6967,80.0000,97.7646,29.9918,accel
520.7648,64.9227,80.0808,80.0000,97.7558,30.0079,accel
521.2649,120.0000,0.0000,30.0651,97.7509,30.0192,cruise
521.7651,120.0000,0.0000,30.0651,97.7494,30.0223,cruise
522.2653,120.0000,0.0000,30.0651,97.7480,30.0254,cruise
522.7655,120.0000,0.0000,30.0651,97.7466,30.0285,cruise
523.2657,120.0000,0.0000,30.0651,97.7451,30.0316,cruise
523.7659,120.0000,0.0000,30.0651,97.7437,30.0348,cruise
524.2661,120.0000,0.0000,30.0651,97.7423,30.0379,cruise
524.7662,120.0000,0.0000,30.0651,97.7409,30.0410,cruise
525.2664,120.0000,0.0000,30.0651,97.7394,30.0441,cruise
525.7666,120.0000,0.0000,30.0651,97.7380,30.0472,cruise
526.2668,120.0000,0.0000,30.0651,97.7366,30.0503,cruise
526.7670,120.0000,0.0000,30.0651,97.7351,30.0534,cruise
527.2672,120.0000,0.0000,30.0651,97.7337,30.0566,cruise
527.7673,120.0000,0.0000,30.0651,97.7323,30.0597,cruise
528.2675,120.0000,0.0000,30.0651,97.7308,30.0628,cruise
528.7677,120.0000,0.0000,30.0651,97.7294,30.0659,cruise
529.2679,120.0000,0.0000,30.0651,97.7280,30.0690,cruise
529.7681,120.0000,0.0000,30.0651,97.7265,30.0721,cruise
530.2683,120.0000,0.0000,30.0651,97.7251,30.0752,cruise
530.7685,120.0000,0.0000,30.0651,97.7237,30.0783,cruise
531.2686,120.0000,0.0000,30.0651,97.7222,30.0814,cruise
531.7688,120.0000,0.0000,30.0651,97.7208,30.0845,cruise
532.2690,120.0000,0.0000,30.0651,97.7194,30.0876,cruise
532.7692,120.0000,0.0000,30.0651,97.7179,30.0907,cruise
533.2694,120.0000,0.0000,30.0651,97.7165,30.0938,cruise
533.7696,120.0000,0.0000,30.0651,97.7151,30.0969,cruise
534.2697,120.0000,0.0000,30.0651,97.7136,30.1000,cruise
534.7699,120.0000,0.0000,30.0651,97.7122,30.1031,cruise
535.2701,120.0000,0.0000,30.0651,97.7108,30.1062,cruise
535.7703,120.0000,0.0000,30.0651,97.7093,30.1093,cruise
536.2705,120.0000,0.0000,30.0651,97.7079,30.1124,cruise
536.7707,120.0000,0.0000,30.0651,97.7065,30.1155,cruise
537.2708,120.0000,0.0000,30.0651,97.7050,30.1186,cruise
537.7710,120.0000,0.0000,30.0651,97.7036,30.1217,cruise
538.2712,120.0000,0.0000,30.0651,97.7022,30.1248,cruise
538.7714,120.0000,0.0000,30.0651,97.7008,30.1279,cruise
539.2716,120.0000,0.0000,30.0651,97.6993,30.1310,cruise
539.7718,120.0000,0.0000,30.0651,97.6979,30.1341,cruise
540.2720,120.0000,0.0000,30.0651,97.6965,30.1372,cruise
540.7721,120.0000,0.0000,30.0651,97.6950,30.1403,cruise
541.2723,120.0000,0.0000,30.0651,97.6936,30.1434,cruise
541.7725,120.0000,0.0000,30.0651,97.6922,30.1465,cruise
542.2727,120.0000,0.0000,30.0651,97.6907,30.1496,cruise
542.7729,120.0000,0.0000,30.0651,97.6893,30.1527,cruise
543.2731,120.0000,0.0000,30.0651,97.6879,30.1558,cruise
543.7732,120.0000,0.0000,30.0651,97.6864,30.1589,cruise
544.2734,120.0000,0.0000,30.0651,97.6850,30.1620,cruise
544.7736,120.0000,0.0000,30.0651,97.6836,30.1651,cruise
545.2738,120.0000,0.0000,30.0651,97.6821,30.1681,cruise
545.7740,120.0000,0.0000,30.0651,97.6807,30.1712,cruise
546.2742,120.0000,0.0000,30.0651,97.6793,30.1743,cruise
546.7744,120.0000,0.0000,30.0651,97.6778,30.1774,cruise
547.2745,120.0000,0.0000,30.0651,97.6764,30.1805,cruise
547.7747,120.0000,0.0000,30.0651,97.6750,30.1836,cruise
548.2749,120.0000,0.0000,30.0651,97.6735,30.1867,cruise
548.7751,120.0000,0.0000,30.0651,97.6721,30.1898,cruise
549.2753,120.0000,0.0000,30.0651,97.6707,30.1928,cruise
549.7755,120.0000,0.0000,30.0651,97.6692,30.1959,cruise
550.2756,120.0000,0.0000,30.0651,97.6678,30.1990,cruise
550.7758,120.0000,0.0000,30.0651,97.6664,30.2021,cruise
551.2760,120.0000,0.0000,30.0651,97.6649,30.2052,cruise
551.7762,120.0000,0.0000,30.0651,97.6635,30.2083,cruise
552.2764,120.0000,0.0000,30.0651,97.6621,30.2113,cruise
552.7766,120.0000,0.0000,30.0651,97.6606,30.2144,cruise
553.2767,120.0000,0.0000,30.0651,97.6592,30.2175,cruise
553.7769,120.0000,0.0000,30.0651,97.6578,30.2206,cruise
554.2771,120.0000,0.0000,30.0651,97.6564,30.2237,cruise
554.7773,120.0000,0.0000,30.0651,97.6549,30.2267,cruise
555.2775,120.0000,0.0000,30.0651,97.6535,30.2298,cruise
555.7777,120.0000,0.0000,30.0651,97.6521,30.2329,cruise
556.2779,120.0000,0.0000,30.0651,97.6506,30.2360,cruise
556.7780,120.0000,0.0000,30.0651,97.6492,30.2390,cruise
557.2782,120.0000,0.0000,30.0651,97.6478,30.2421,cruise
557.7784,120.0000,0.0000,30.0651,97.6463,30.2452,cruise
558.2786,120.0000,0.0000,30.0651,97.6449,30.2483,cruise
558.7788,120.0000,0.0000,30.0651,97.6435,30.2513,cruise
559.2790,120.0000,0.0000,30.0651,97.6420,30.2544,cruise
559.7791,120.0000,0.0000,30.0651,97.6406,30.2575,cruise
560.2793,120.0000,0.0000,30.0651,97.6392,30.2605,cruise
560.7795,120.0000,0.0000,30.0651,97.6377,30.2636,cruise
561.2797,120.0000,0.0000,30.0651,97.6363,30.2667,cruise
561.7799,120.0000,0.0000,30.0651,97.6349,30.2698,cruise
562.2801,120.0000,0.0000,30.0651,97.6334,30.2728,cruise
562.7803,120.0000,0.0000,30.0651,97.6320,30.2759,cruise
563.2804,120.0000,0.0000,30.0651,97.6306,30.2790,cruise
563.7806,120.0000,0.0000,30.0651,97.6291,30.2820,cruise
564.2808,120.0000,0.0000,30.0651,97.6277,30.2851,cruise
564.7810,120.0000,0.0000,30.0651,97.6263,30.2882,cruise
565.2812,120.0000,0.0000,30.0651,97.6248,30.2912,cruise
565.7814,120.0000,0.0000,30.0651,97.6234,30.2943,cruise
566.2815,120.0000,0.0000,30.0651,97.6220,30.2974,cruise
566.7817,120.0000,0.0000,30.0651,97.6205,30.3004,cruise
567.2819,120.0000,0.0000,30.0651,97.6191,30.3035,cruise
567.7821,120.0000,0.0000,30.0651,97.6177,30.3066,cruise
568.2823,120.0000,0.0000,30.0651,97.6163,30.3096,cruise
568.7825,120.0000,0.0000,30.0651,97.6148,30.3127,cruise
569.2826,120.0000,0.0000,30.0651,97.6134,30.3157,cruise
569.7828,120.0000,0.0000,30.0651,97.6120,30.3188,cruise
570.2830,120.0000,0.0000,30.0651,97.6105,30.3219,cruise
570.7832,120.0000,0.0000,30.0651,97.6091,30.3249,cruise
571.2834,120.0000,0.0000,30.0651,97.6077,30.3280,cruise
571.7836,120.0000,0.0000,30.0651,97.6062,30.3310,cruise
572.2838,120.0000,0.0000,30.0651,97.6048,30.3341,cruise
572.7839,120.0000,0.0000,30.0651,97.6034,30.3371,cruise
573.2841,120.0000,0.0000,30.0651,97.6019,30.3402,cruise
573.7843,120.0000,0.0000,30.0651,97.6005,30.3433,cruise
574.2845,120.0000,0.0000,30.0651,97.5991,30.3463,cruise
574.7847,120.0000,0.0000,30.0651,97.5976,30.3494,cruise
575.2849,120.0000,0.0000,30.0651,97.5962,30.3524,cruise
575.7850,120.0000,0.0000,30.0651,97.5948,30.3555,cruise
576.2852,120.0000,0.0000,30.0651,97.5933,30.3585,cruise
576.7854,120.0000,0.0000,30.0651,97.5919,30.3616,cruise
577.2856,120.0000,0.0000,30.0651,97.5905,30.3646,cruise
577.7858,120.0000,0.0000,30.0651,97.5890,30.3677,cruise
578.2860,120.0000,0.0000,30.0651,97.5876,30.3707,cruise
578.7862,120.0000,0.0000,30.0651,97.5862,30.3738,cruise
579.2863,120.0000,0.0000,30.0651,97.5847,30.3768,cruise
579.7865,120.0000,0.0000,30.0651,97.5833,30.3799,cruise
580.2867,120.0000,0.0000,30.0651,97.5819,30.3829,cruise
580.7869,120.0000,0.0000,30.0651,97.5804,30.3860,cruise
581.2871,120.0000,0.0000,30.0651,97.5790,30.3890,cruise
581.7873,120.0000,0.0000,30.0651,97.5776,30.3921,cruise
582.2874,120.0000,0.0000,30.0651,97.5761,30.3951,cruise
582.7876,120.0000,0.0000,30.0651,97.5747,30.3982,cruise
583.2878,120.0000,0.0000,30.0651,97.5733,30.4012,cruise
583.7880,120.0000,0.0000,30.0651,97.5719,30.4042,cruise
584.2882,120.0000,0.0000,30.0651,97.5704,30.4073,cruise
584.7884,120.0000,0.0000,30.0651,97.5690,30.4103,cruise
585.2885,120.0000,0.0000,30.0651,97.5676,30.4134,cruise
585.7887,120.0000,0.0000,30.0651,97.5661,30.4164,cruise
586.2889,120.0000,0.0000,30.0651,97.5647,30.4195,cruise
586.7891,120.0000,0.0000,30.0651,97.5633,30.4225,cruise
587.2893,120.0000,0.0000,30.0651,97.5618,30.4255,cruise
587.7895,120.0000,0.0000,30.0651,97.5604,30.4286,cruise
588.2897,120.0000,0.0000,30.0651,97.5590,30.4316,cruise
588.7898,120.0000,0.0000,30.0651,97.5575,30.4347,cruise
589.2900,120.0000,0.0000,30.0651,97.5561,30.4377,cruise
589.7902,120.0000,0.0000,30.0651,97.5547,30.4407,cruise
590.2904,120.0000,0.0000,30.0651,97.5532,30.4438,cruise
590.7906,120.0000,0.0000,30.0651,97.5518,30.4468,cruise
591.2908,120.0000,0.0000,30.0651,97.5504,30.4498,cruise
591.7909,120.0000,0.0000,30.0651,97.5489,30.4529,cruise
592.2911,120.0000,0.0000,30.0651,97.5475,30.4559,cruise
592.7913,120.0000,0.0000,30.0651,97.5461,30.4589,cruise
593.2915,120.0000,0.0000,30.0651,97.5446,30.4620,cruise
593.7917,120.0000,0.0000,30.0651,97.5432,30.4650,cruise
594.2919,120.0000,0.0000,30.0651,97.5418,30.4680,cruise
594.7921,120.0000,0.0000,30.0651,97.5403,30.4711,cruise
595.2922,120.0000,0.0000,30.0651,97.5389,30.4741,cruise
595.7924,120.0000,0.0000,30.0651,97.5375,30.4771,cruise
596.2926,120.0000,0.0000,30.0651,97.5360,30.4802,cruise
596.7928,120.0000,0.0000,30.0651,97.5346,30.4832,cruise
597.2930,120.0000,0.0000,30.0651,97.5332,30.4862,cruise
597.7932,120.0000,0.0000,30.0651,97.5318,30.4892,cruise
598.2933,120.0000,0.0000,30.0651,97.5303,30.4923,cruise
598.7935,120.0000,0.0000,30.0651,97.5289,30.4953,cruise
599.2937,120.0000,0.0000,30.0651,97.5275,30.4983,cruise
599.7939,120.0000,0.0000,30.0651,97.5260,30.5013,cruise
600.2941,120.0000,0.0000,30.0651,97.5246,30.5044,cruise
600.7943,120.0000,0.0000,30.0651,97.5232,30.5074,cruise
601.2944,120.0000,0.0000,30.0651,97.5217,30.5104,cruise
601.7946,120.0000,0.0000,30.0651,97.5203,30.5134,cruise
602.2948,120.0000,0.0000,30.0651,97.5189,30.5165,cruise
602.7950,120.0000,0.0000,30.0651,97.5174,30.5195,cruise
603.2952,120.0000,0.0000,30.0651,97.5160,30.5225,cruise
603.7954,120.0000,0.0000,30.0651,97.5146,30.5255,cruise
604.2956,120.0000,0.0000,30.0651,97.5131,30.5285,cruise
604.7957,120.0000,0.0000,30.0651,97.5117,30.5316,cruise
605.2959,120.0000,0.0000,30.0651,97.5103,30.5346,cruise
605.7961,120.0000,0.0000,30.0651,97.5088,30.5376,cruise
606.2963,120.0000,0.0000,30.0651,97.5074,30.5406,cruise
606.7965,120.0000,0.0000,30.0651,97.5060,30.5436,cruise
607.2967,120.0000,0.0000,30.0651,97.5045,30.5467,cruise
607.7968,120.0000,0.0000,30.0651,97.5031,30.5497,cruise
608.2970,120.0000,0.0000,30.0651,97.5017,30.5527,cruise
608.7972,120.0000,0.0000,30.0651,97.5002,30.5557,cruise
609.2974,120.0000,0.0000,30.0651,97.4988,30.5587,cruise
609.7976,120.0000,0.0000,30.0651,97.4974,30.5617,cruise
610.2978,120.0000,0.0000,30.0651,97.4959,30.5647,cruise
610.7980,120.0000,0.0000,30.0651,97.4945,30.5678,cruise
611.2981,120.0000,0.0000,30.0651,97.4931,30.5708,cruise
611.7983,120.0000,0.0000,30.0651,97.4916,30.5738,cruise
612.2985,120.0000,0.0000,30.0651,97.4902,30.5768,cruise
612.7987,120.0000,0.0000,30.0651,97.4888,30.5798,cruise
613.2989,120.0000,0.0000,30.0651,97.4874,30.5828,cruise
613.7991,120.0000,0.0000,30.0651,97.4859,30.5858,cruise
614.2992,120.0000,0.0000,30.0651,97.4845,30.5888,cruise
614.7994,120.0000,0.0000,30.0651,97.4831,30.5918,cruise
615.2996,120.0000,0.0000,30.0651,97.4816,30.5948,cruise
615.7998,120.0000,0.0000,30.0651,97.4802,30.5978,cruise
616.3000,120.0000,0.0000,30.0651,97.4788,30.6009,cruise
616.8002,120.0000,0.0000,30.0651,97.4773,30.6039,cruise
617.3003,120.0000,0.0000,30.0651,97.4759,30.6069,cruise
617.8005,120.0000,0.0000,30.0651,97.4745,30.6099,cruise
618.3007,120.0000,0.0000,30.0651,97.4730,30.6129,cruise
618.8009,120.0000,0.0000,30.0651,97.4716,30.6159,cruise
619.3011,120.0000,0.0000,30.0651,97.4702,30.6189,cruise
619.8013,120.0000,0.0000,30.0651,97.4687,30.6219,cruise
620.3015,120.0000,0.0000,30.0651,97.4673,30.6249,cruise
620.8016,120.0000,0.0000,30.0651,97.4659,30.6279,cruise
621.3018,120.0000,0.0000,30.0651,97.4644,30.6309,cruise
621.8020,120.0000,0.0000,30.0651,97.4630,30.6339,cruise
622.3022,120.0000,0.0000,30.0651,97.4616,30.6369,cruise
622.8024,120.0000,0.0000,30.0651,97.4601,30.6399,cruise
623.3026,120.0000,,,97.4587,30.6429,
